date,open,high,close,low,volume,chg,%chg,ma5,ma10,ma20,vma5,vma10,vma20,turnover
2019-03-14,757.000,785.000,778.000,754.000,62172.56,24.000,3.18,759.003,759.003,759.003,"51,747.98","51,747.98","51,747.98",0.49
2019-03-18,778.800,814.530,810.090,777.000,81318.80,32.790,4.22,772.880,772.880,772.880,"57,792.69","57,792.69","57,792.69",0.65
2019-04-02,859.990,859.990,850.000,836.060,53227.05,-9.000,-1.05,831.658,807.944,796.028,"61,093.95","47,454.42","50,258.91",0.42
2019-04-03,840.120,851.740,844.500,834.210,43056.80,-5.500,-0.65,842.858,813.114,798.879,"61,143.84","48,648.35","49,835.26",0.34
2019-04-04,840.000,865.800,865.000,836.200,55772.36,20.500,2.43,854.498,821.039,802.553,"60,784.96","50,968.26","50,165.10",0.44
2019-04-08,900.000,908.000,900.200,890.120,66251.93,35.200,4.07,863.740,831.659,807.692,"55,848.55","54,541.70","51,011.77",0.53
2019-04-09,903.000,908.200,905.000,892.510,47989.80,4.800,0.53,872.940,844.599,812.558,"53,259.59","55,613.64","50,860.67",0.38
2019-04-10,903.000,951.900,947.990,900.000,67814.38,42.990,4.75,892.538,862.098,822.707,"56,177.05","58,635.50","51,625.89",0.54
2019-04-11,948.000,950.000,925.200,905.550,61102.54,-22.790,-2.40,908.678,875.768,831.267,"59,786.20","60,465.02","52,652.95",0.49
2019-04-12,909.000,919.990,914.000,900.010,48612.17,-11.200,-1.21,918.478,886.488,838.067,"58,354.16","59,569.56","51,974.93",0.39
2019-04-15,931.000,939.000,907.000,907.000,45522.64,-7.000,-0.77,919.838,891.789,844.552,"54,208.31","55,028.43","51,631.03",0.36
2019-04-16,904.900,939.900,939.900,901.220,46423.44,32.900,3.63,926.818,899.879,851.042,"53,895.03","53,577.31","49,886.26",0.37
2019-04-17,938.000,955.510,952.000,925.000,40761.02,12.100,1.29,927.620,910.079,859.012,"48,484.36","52,330.71","49,892.57",0.32
2019-04-18,945.410,954.680,945.500,936.220,19598.52,-6.500,-0.68,931.680,920.179,866.647,"40,183.56","49,984.88","49,316.62",0.16
2019-04-19,943.960,960.950,952.560,931.310,32379.78,7.060,0.75,939.392,928.935,874.987,"36,937.08","47,645.62","49,306.94",0.26
2019-04-22,959.500,978.890,949.200,940.610,40627.96,-3.360,-0.35,947.832,933.835,882.747,"35,958.14","45,083.23","49,812.46",0.32
2019-04-23,951.000,981.220,974.950,949.200,48852.05,25.750,2.71,954.842,940.830,892.715,"36,443.87","45,169.45","50,391.54",0.39
2019-04-24,979.880,990.000,970.000,951.220,45227.00,-4.950,-0.51,958.442,943.031,902.565,"37,337.06","42,910.71","50,773.11",0.36
2019-04-25,968.790,973.990,952.370,951.220,39801.34,-17.630,-1.82,959.816,945.748,910.758,"41,377.63","40,780.59","50,622.81",0.32
2019-04-26,946.300,959.880,945.000,945.000,43277.68,-7.370,-0.77,958.304,948.848,917.668,"43,557.21","40,247.14","49,908.35",0.34
2019-04-29,945.000,989.000,971.970,935.000,52572.30,26.970,2.85,962.858,955.345,923.567,"45,946.07","40,952.11","47,990.27",0.42
2019-04-30,968.000,984.960,974.000,963.110,35943.18,2.030,0.21,962.668,958.755,929.317,"43,364.30","39,904.08","46,740.70",0.29
2019-05-06,925.500,935.000,906.000,893.000,135099.69,-68.000,-6.98,949.868,954.155,932.117,"61,338.84","49,337.95","50,834.33",1.08
2019-05-07,893.280,913.940,890.000,870.220,100837.26,-16.000,-1.77,937.394,948.605,934.392,"73,546.02","57,461.82","53,723.35",0.80
2019-05-08,860.000,901.800,884.400,860.000,81882.98,-5.600,-0.63,925.274,941.789,935.362,"81,267.08","62,412.14","55,028.88",0.65
2019-05-09,875.000,879.870,858.810,842.500,91545.15,-25.590,-2.89,902.642,932.750,933.293,"89,061.65","67,503.86","56,293.54",0.73
2019-05-10,875.660,910.780,907.120,868.190,79907.38,48.310,5.62,889.266,925.967,933.399,"97,854.49","70,609.40","57,889.42",0.64
2019-05-13,898.860,910.980,892.000,884.000,46637.18,-15.120,-1.67,886.466,918.167,930.599,"80,161.99","70,750.41","56,830.56",0.37
2019-05-14,885.000,906.000,886.570,873.000,59983.12,-5.430,-0.61,885.780,911.587,928.668,"71,991.16","72,768.59","56,774.59",0.48
2019-05-15,890.240,933.000,927.000,890.240,63124.25,40.430,4.56,894.300,909.787,929.318,"68,239.42","74,753.25","57,500.20",0.50
2019-05-16,919.000,932.000,929.910,905.000,44540.12,2.910,0.31,908.520,905.581,930.463,"58,838.41","73,950.03","57,451.07",0.35
2019-05-17,927.020,932.300,906.790,900.100,49841.61,-23.120,-2.49,908.454,898.860,928.808,"52,825.26","75,339.87","57,621.98",0.40
2019-05-20,900.000,900.000,884.960,871.000,44407.99,-21.830,-2.41,907.046,896.756,925.456,"52,379.42","66,270.70","57,804.33",0.35
2019-05-21,885.000,910.000,895.000,872.020,42385.65,10.040,1.14,908.732,897.256,922.931,"48,859.92","60,425.54","58,943.68",0.34
2019-05-22,894.980,904.000,888.000,880.000,32041.58,-7.000,-0.78,900.932,897.616,919.703,"42,643.39","55,441.40","58,926.77",0.26
2019-05-23,881.000,883.980,861.000,856.220,58058.63,-27.000,-3.04,887.150,897.835,915.293,"45,347.09","52,092.75","59,798.31",0.46
2019-05-24,865.000,885.000,878.500,864.440,44034.09,17.500,2.03,881.492,894.973,910.470,"44,185.59","48,505.42","59,557.41",0.35
2019-05-27,879.100,882.990,879.000,860.050,39161.91,0.500,0.06,880.300,893.673,905.920,"43,136.37","47,757.90","59,254.15",0.31
2019-05-28,877.990,907.490,888.000,875.020,74772.77,9.000,1.02,878.900,893.816,902.702,"49,613.80","49,236.86","61,002.73",0.60
2019-05-29,888.010,924.950,911.910,888.010,65646.96,23.910,2.69,883.682,892.307,901.047,"56,334.87","49,489.13","62,121.19",0.52
2019-05-30,910.000,919.990,905.300,891.220,40247.20,-6.610,-0.72,892.542,889.846,897.714,"52,772.59","49,059.84","61,504.94",0.32
2019-05-31,900.530,906.990,890.000,890.000,35793.80,-15.300,-1.69,894.842,888.167,893.514,"51,124.53","47,655.06","61,497.47",0.28
2019-06-03,892.000,901.350,892.000,886.280,34479.24,2.000,0.23,897.442,888.871,892.814,"50,187.99","46,662.18","56,466.44",0.27
2019-06-04,895.000,895.430,875.300,871.000,39689.48,-16.700,-1.87,894.902,886.901,892.079,"43,171.34","46,392.57","53,409.05",0.32
2019-06-05,884.000,886.260,871.600,870.000,34067.36,-3.700,-0.42,886.840,885.261,891.439,"36,855.42","46,595.14","51,018.27",0.27
2019-06-06,875.620,875.770,862.130,858.000,34786.85,-9.470,-1.09,878.206,885.374,891.605,"35,763.35","44,267.97","48,180.36",0.28
2019-06-10,857.980,878.950,871.080,840.000,55502.46,8.950,1.04,874.422,884.632,889.803,"39,705.08","45,414.80","46,960.11",0.44
2019-06-11,876.000,915.610,910.890,875.000,80106.44,39.810,4.57,878.200,887.821,890.747,"48,830.52","49,509.26","48,633.58",0.64
2019-06-12,906.220,910.990,906.700,894.000,37747.40,-4.190,-0.46,884.480,889.691,891.754,"48,442.10","45,806.72","47,521.79",0.30
2019-06-13,910.000,912.300,910.000,897.000,32917.42,3.300,0.36,892.160,889.500,890.904,"48,212.11","42,533.77","46,011.45",0.26
2019-06-14,911.000,932.300,913.000,910.020,42455.04,3.000,0.33,902.334,890.270,890.058,"49,745.75","42,754.55","45,907.19",0.34
2019-06-17,907.000,926.940,911.600,906.020,32769.03,-1.400,-0.15,910.438,892.430,890.299,"45,199.07","42,452.07","45,053.57",0.26
2019-06-18,917.000,920.000,917.000,902.600,29441.38,5.400,0.59,911.660,894.930,891.901,"35,066.05","41,948.29","44,305.23",0.23
2019-06-19,940.000,946.700,932.010,932.010,53726.40,15.010,1.64,916.722,900.601,893.751,"38,261.85","43,351.98","44,872.27",0.43
2019-06-20,932.500,975.500,975.000,932.200,67271.97,42.990,4.61,929.722,910.941,898.101,"45,132.76","46,672.44","46,633.79",0.54
2019-06-21,969.970,984.490,976.300,964.500,45926.75,1.300,0.13,942.382,922.358,903.866,"45,827.11","47,786.43","46,027.20",0.37
2019-06-24,978.300,999.690,987.100,975.000,45779.20,10.800,1.11,957.482,933.960,909.296,"48,429.14","46,814.10","46,114.45",0.36
2019-06-25,992.000,999.000,982.980,967.000,51295.95,-4.120,-0.42,970.678,941.169,914.495,"52,800.05","43,933.05","46,721.16",0.41
2019-06-26,985.000,985.000,979.860,971.220,29588.18,-3.120,-0.32,980.248,948.485,919.088,"47,972.41","43,117.13","44,461.93",0.24
2019-06-27,985.000,1001.000,996.350,981.120,47978.45,16.490,1.68,984.518,957.120,923.310,"44,113.71","44,623.24","43,578.50",0.38
2019-06-28,985.990,988.880,984.000,971.330,31088.40,2.190,0.22,986.058,964.220,927.245,"41,146.04","43,486.57","43,120.56",0.25
2019-07-01,1004.520,1035.600,1031.860,1000.220,52337.23,47.860,4.86,995.010,976.246,934.338,"42,457.64","45,443.39","43,947.73",0.42
2019-07-02,1025.000,1029.500,1025.000,1016.000,39061.09,-6.860,-0.67,"1,003.414",987.046,940.988,"40,010.67","46,405.36","44,176.82",0.31
2019-07-03,1020.000,1023.000,987.900,981.500,67139.32,-37.100,-3.62,"1,005.022",992.635,946.618,"47,520.90","47,746.65","45,549.32",0.53
2019-07-04,985.800,990.800,981.200,971.220,46216.68,-6.700,-0.68,"1,001.992",993.255,952.098,"47,168.54","45,641.13","46,156.78",0.37
2019-07-05,986.000,1006.000,999.820,976.300,50032.71,18.620,1.90,"1,005.156",995.607,958.983,"50,957.41","46,051.72","46,919.08",0.40
2019-07-08,995.050,997.900,984.860,975.000,33613.52,-14.960,-1.50,995.756,995.383,964.672,"47,212.66","44,835.15","45,824.63",0.27
2019-07-09,979.300,989.000,976.060,968.350,31723.32,-8.800,-0.89,985.968,994.691,967.930,"45,745.11","42,877.89","43,405.47",0.25
2019-07-10,980.930,990.580,982.520,977.000,28166.70,6.460,0.66,984.892,994.957,971.721,"37,950.59","42,735.74","42,926.44",0.22
2019-07-11,989.960,998.380,981.500,976.000,30514.19,-1.020,-0.10,984.952,993.472,975.296,"34,810.09","40,989.32","42,806.28",0.24
2019-07-12,981.300,991.500,986.090,980.010,28173.85,4.590,0.47,982.206,993.681,978.951,"30,438.32","40,697.86","42,092.22",0.22
2019-07-15,967.800,980.100,975.930,951.130,59870.40,-10.160,-1.03,980.420,988.088,982.167,"35,689.69","41,451.18","43,447.28",0.48
2019-07-16,975.450,982.300,968.000,965.000,33245.24,-7.930,-0.81,978.808,982.388,984.717,"35,994.08","40,869.59","43,637.48",0.26
2019-07-17,968.000,972.990,963.500,962.130,25468.87,-4.500,-0.47,975.004,979.948,986.292,"35,454.51","36,702.55","42,224.60",0.20
2019-07-18,961.500,963.000,947.500,947.180,39252.95,-16.000,-1.66,968.204,976.578,984.917,"37,202.26","36,006.18","40,823.65",0.31
2019-07-19,955.000,960.800,955.870,948.000,28014.81,8.370,0.88,962.160,972.183,983.895,"37,170.45","33,804.39","39,928.05",0.22
2019-07-22,960.000,964.000,957.020,950.250,28125.49,1.150,0.12,958.378,969.399,982.391,"30,821.47","33,255.58","39,045.37",0.22
2019-07-23,962.300,962.590,953.980,943.860,32483.95,-3.040,-0.32,955.574,967.191,980.941,"30,669.21","33,331.65","38,104.77",0.26
2019-07-24,958.310,959.900,946.360,944.690,46771.20,-7.620,-0.80,952.146,963.575,979.266,"34,929.68","35,192.10","38,963.92",0.37
2019-07-25,945.970,963.360,963.000,938.150,38255.70,16.640,1.76,955.246,961.725,977.599,"34,730.23","35,966.25","38,477.78",0.30
2019-07-26,961.970,971.000,965.030,958.550,26467.59,2.030,0.21,957.078,959.619,976.650,"34,420.79","35,795.62","38,246.74",0.21
2019-07-29,962.030,979.500,976.410,960.010,26981.33,11.380,1.18,960.956,959.667,973.878,"34,191.95","32,506.71","36,978.95",0.21
2019-07-30,976.500,983.000,978.930,971.000,19537.97,2.520,0.26,965.946,960.760,971.574,"31,602.76","31,135.99","36,002.79",0.16
2019-07-31,975.000,981.770,972.600,966.590,22526.20,-6.330,-0.65,971.194,961.670,970.809,"26,753.76","30,841.72","33,772.13",0.18
2019-08-01,976.510,977.000,959.300,953.020,35089.52,-13.300,-1.37,970.454,962.850,969.714,"26,120.52","30,425.38","33,215.78",0.28
2019-08-02,944.000,957.980,954.450,943.000,39719.40,-4.850,-0.51,968.338,962.708,967.446,"28,770.88","31,595.84","32,700.11",0.32
2019-08-05,945.000,954.000,942.430,940.000,36774.31,-12.020,-1.26,961.542,961.249,965.324,"30,729.48","32,460.72","32,858.15",0.29
2019-08-06,931.000,948.000,946.300,923.800,43991.16,3.870,0.41,955.016,960.481,963.836,"35,620.12","33,611.44","33,471.54",0.35
2019-08-07,949.500,955.530,945.000,945.000,26869.98,-1.300,-0.14,949.496,960.345,961.960,"36,488.87","31,621.32","33,406.71",0.21
2019-08-08,953.500,974.000,971.680,952.000,38808.13,26.680,2.82,951.972,961.213,961.469,"37,232.60","31,676.56","33,821.40",0.31
2019-08-09,978.500,980.950,962.030,958.990,28461.70,-9.650,-0.99,953.488,960.913,960.266,"34,981.06","31,875.97","33,835.80",0.23
2019-08-12,1010.310,1020.100,1018.630,995.010,81498.95,56.600,5.88,968.728,965.135,962.401,"43,925.98","37,327.73","34,917.22",0.65
2019-08-13,1016.160,1026.000,1017.950,1010.680,30329.70,-0.680,-0.07,983.058,969.037,964.899,"41,193.69","38,406.91","34,771.45",0.24
2019-08-14,1030.020,1051.900,1043.330,1030.020,41410.95,25.380,2.49,"1,002.724",976.110,968.890,"44,101.89","40,295.38","35,568.55",0.33
2019-08-15,1028.000,1046.480,1044.900,1028.000,27237.39,1.570,0.15,"1,017.368",984.670,973.760,"41,787.74","39,510.17","34,967.77",0.22
2019-08-16,1049.840,1075.580,1054.600,1041.000,36086.73,9.700,0.93,"1,035.882",994.685,978.697,"43,312.74","39,146.90","35,371.37",0.29
2019-08-19,1061.000,1069.980,1055.880,1049.050,32867.58,1.280,0.12,"1,043.332","1,006.030",983.640,"33,586.47","38,756.23","35,608.47",0.26
2019-08-20,1055.000,1073.680,1070.000,1050.000,28602.13,14.120,1.34,"1,053.742","1,018.400",989.441,"33,240.96","37,217.32","35,414.38",0.23
2019-08-21,1070.100,1076.970,1066.000,1061.660,25066.62,-4.000,-0.37,"1,058.276","1,030.500",995.423,"29,972.09","37,036.99","34,329.15",0.20
2019-08-22,1072.990,1104.000,1104.000,1070.000,37590.78,38.000,3.56,"1,070.096","1,043.732","1,002.473","32,042.77","36,915.25","34,295.91",0.30
2019-08-23,1105.000,1133.560,1130.100,1095.620,40192.30,26.100,2.36,"1,085.196","1,060.539","1,010.726","32,863.88","38,088.31","34,982.14",0.32
2019-08-26,1113.000,1128.000,1102.950,1096.680,48497.89,-27.150,-2.40,"1,094.610","1,068.971","1,017.053","35,989.94","34,788.21","36,057.97",0.39
2019-08-27,1117.000,1131.310,1109.000,1109.000,52164.21,6.050,0.55,"1,102.410","1,078.076","1,023.557","40,702.36","36,971.66","37,689.28",0.42
2019-08-28,1109.000,1123.190,1100.110,1083.010,47009.67,-8.890,-0.80,"1,109.232","1,083.754","1,029.932","45,090.97","37,531.53","38,913.46",0.37
2019-08-29,1105.000,1118.180,1113.100,1092.500,29330.42,12.990,1.18,"1,111.052","1,090.574","1,037.622","43,438.90","37,740.83","38,625.50",0.23
2019-08-30,1125.000,1146.000,1142.000,1123.000,44890.77,28.900,2.60,"1,113.432","1,099.314","1,047.000","44,378.59","38,621.24","38,884.07",0.36
2019-09-02,1139.990,1144.980,1138.760,1129.000,28234.33,-3.240,-0.28,"1,120.594","1,107.602","1,056.816","40,325.88","38,157.91","38,457.07",0.22
2019-09-03,1140.000,1151.020,1140.000,1128.560,29485.09,1.240,0.11,"1,126.794","1,114.602","1,066.501","35,790.06","38,246.21","37,731.77",0.23
2019-09-04,1140.800,1142.910,1125.010,1120.110,33600.22,-14.990,-1.31,"1,131.774","1,120.503","1,075.502","33,108.17","39,099.57","38,068.28",0.27
2019-09-05,1129.000,1144.900,1144.000,1128.000,32930.84,18.990,1.69,"1,137.954","1,124.503","1,084.118","33,828.25","38,633.57","37,774.41",0.26
2019-09-06,1144.500,1146.150,1142.490,1131.000,26176.59,-1.510,-0.13,"1,138.052","1,125.742","1,093.141","30,085.41","37,232.00","37,660.16",0.21
2019-09-09,1145.000,1148.000,1136.520,1135.000,29379.34,-5.970,-0.52,"1,137.604","1,129.099","1,099.035","30,314.42","35,320.15","35,054.18",0.23
2019-09-10,1134.300,1135.000,1123.850,1120.010,26227.07,-12.670,-1.11,"1,134.374","1,130.584","1,104.330","29,662.81","32,726.43","34,849.05",0.21
2019-09-11,1119.220,1119.970,1069.520,1068.000,81716.54,-54.330,-4.83,"1,123.276","1,127.525","1,105.640","39,286.08","36,197.12","36,864.33",0.65
2019-09-12,1066.000,1109.980,1099.000,1066.000,41211.33,29.480,2.76,"1,114.276","1,126.115","1,108.345","40,942.17","37,385.21","37,563.02",0.33
2019-09-16,1083.000,1103.950,1099.000,1083.000,31371.80,0.000,0.00,"1,105.578","1,121.815","1,110.565","41,981.22","36,033.32","37,327.28",0.25
2019-09-17,1094.000,1106.660,1094.010,1087.000,25196.93,-4.990,-0.45,"1,097.076","1,117.340","1,112.471","41,144.73","35,729.58","36,943.74",0.20
2019-09-18,1108.500,1150.000,1148.900,1108.180,69314.47,54.890,5.02,"1,102.086","1,118.230","1,116.416","49,762.21","39,712.51","38,979.36",0.55
2019-09-19,1148.000,1150.000,1145.000,1137.100,24479.80,-3.900,-0.34,"1,117.182","1,120.229","1,120.366","38,314.87","38,800.47","38,950.02",0.19
2019-09-20,1151.000,1160.000,1157.420,1147.590,37626.66,12.420,1.08,"1,128.866","1,121.571","1,123.037","37,597.93","39,270.05","38,951.81",0.30
2019-09-23,1157.000,1157.000,1149.000,1131.000,30026.33,-8.420,-0.73,"1,138.866","1,122.222","1,123.982","37,328.84","39,655.03","38,443.52",0.24
2019-09-24,1155.000,1184.900,1184.000,1152.000,36269.13,35.000,3.05,"1,156.864","1,126.970","1,128.035","39,543.28","40,344.01","37,832.08",0.29
2019-09-25,1180.000,1188.870,1174.000,1170.500,24024.58,-10.000,-0.84,"1,161.884","1,131.985","1,131.285","30,485.30","40,123.76","36,425.10",0.19
2019-09-26,1174.940,1183.350,1167.000,1158.810,26081.94,-7.000,-0.60,"1,166.284","1,141.733","1,134.629","30,805.73","34,560.30","35,378.71",0.21
2019-09-27,1164.000,1183.000,1174.750,1153.000,22826.61,7.750,0.66,"1,169.750","1,149.308","1,137.712","27,845.72","32,721.83","35,053.52",0.18
2019-09-30,1163.000,1169.430,1150.000,1150.000,30825.14,-24.750,-2.11,"1,169.950","1,154.408","1,138.112","28,005.48","32,667.16","34,350.24",0.25
2019-10-08,1153.000,1180.000,1167.100,1152.010,31045.27,17.100,1.49,"1,166.570","1,161.717","1,139.529","26,960.71","33,251.99","34,490.78",0.25
2019-10-09,1166.200,1166.200,1146.810,1135.050,35788.57,-20.290,-1.74,"1,161.132","1,161.508","1,139.869","29,313.51","29,899.40","34,805.96",0.28
2019-10-10,1127.000,1158.930,1155.000,1109.020,41173.70,8.190,0.71,"1,158.732","1,162.508","1,141.369","32,331.86","31,568.79","35,184.63",0.33
2019-10-11,1157.000,1175.000,1174.600,1152.210,28689.25,19.600,1.70,"1,158.702","1,164.226","1,142.899","33,504.39","30,675.05","34,972.55",0.23
2019-10-14,1186.000,1187.660,1180.000,1170.000,27187.51,5.400,0.46,"1,164.702","1,167.326","1,144.774","32,776.86","30,391.17","35,023.10",0.22
2019-10-15,1180.000,1215.680,1211.000,1177.030,40034.73,31.000,2.63,"1,173.482","1,170.026","1,148.498","34,574.75","30,767.73","35,555.87",0.32
2019-10-16,1168.000,1187.500,1170.000,1160.000,59150.59,-41.000,-3.39,"1,178.120","1,169.626","1,150.806","39,247.16","34,280.33","37,202.04",0.47
2019-10-17,1176.000,1186.660,1183.330,1162.500,30508.70,13.330,1.14,"1,183.786","1,171.259","1,156.496","37,114.16","34,723.01","34,641.65",0.24
2019-10-18,1179.000,1189.990,1175.790,1171.690,28291.61,-7.540,-0.64,"1,184.024","1,171.363","1,160.336","37,034.63","35,269.51","33,995.67",0.23
2019-10-21,1171.860,1178.900,1168.500,1163.300,25274.67,-7.290,-0.62,"1,181.724","1,173.213","1,163.811","36,652.06","34,714.46","33,690.81",0.20
2019-10-22,1178.000,1181.500,1170.800,1163.890,19309.43,2.300,0.20,"1,173.684","1,173.583","1,167.650","32,507.00","33,540.88","33,396.43",0.15
2019-10-23,1168.000,1178.000,1158.910,1156.110,23080.21,-11.890,-1.02,"1,171.466","1,174.793","1,168.151","25,292.92","32,270.04","31,084.72",0.18
2019-10-24,1164.950,1166.000,1150.270,1147.160,26178.44,-8.640,-0.75,"1,164.854","1,174.320","1,168.414","24,426.87","30,770.51","31,169.65",0.21
2019-10-25,1153.300,1172.500,1171.350,1143.030,25998.45,21.080,1.83,"1,163.966","1,173.995","1,169.111","23,968.24","30,501.43","30,588.24",0.21
2019-10-28,1166.010,1181.010,1178.290,1165.000,22485.99,6.940,0.59,"1,165.924","1,173.824","1,170.575","23,410.50","30,031.28","30,211.23",0.18
2019-10-29,1181.110,1199.960,1193.000,1177.770,27803.71,14.710,1.25,"1,170.364","1,172.024","1,171.025","25,109.36","28,808.18","29,787.96",0.22
2019-10-30,1190.000,1192.700,1183.800,1176.000,21254.75,-9.200,-0.77,"1,175.342","1,173.404","1,171.515","24,744.27","25,018.60","29,649.46",0.17
2019-10-31,1196.000,1198.000,1180.010,1176.150,25909.27,-3.790,-0.32,"1,181.290","1,173.072","1,172.166","24,690.43","24,558.65","29,640.83",0.21
2019-11-01,1181.000,1191.950,1185.000,1172.500,22811.96,4.990,0.42,"1,184.020","1,173.993","1,172.678","24,053.14","24,010.69","29,640.10",0.18
2019-11-04,1190.000,1209.990,1199.590,1189.000,26737.98,14.590,1.23,"1,188.280","1,177.102","1,175.158","24,903.53","24,157.02","29,435.74",0.21
2019-11-05,1199.500,1205.000,1199.000,1192.000,22254.72,-0.590,-0.05,"1,189.480","1,179.922","1,176.753","23,793.74","24,451.55","28,996.21",0.18
2019-11-06,1197.000,1204.000,1193.000,1188.880,19737.51,-6.000,-0.50,"1,191.320","1,183.331","1,179.062","23,490.29","24,117.28","28,193.66",0.16
2019-11-07,1196.510,1201.880,1201.370,1189.000,16167.88,8.370,0.70,"1,195.592","1,188.441","1,181.381","21,542.01","23,116.22","26,943.37",0.13
2019-11-08,1205.000,1215.650,1205.000,1201.510,24512.11,3.630,0.30,"1,199.592","1,191.806","1,182.901","21,882.04","22,967.59","26,734.51",0.20
2019-11-11,1201.500,1206.200,1199.000,1193.510,17342.46,-6.000,-0.50,"1,199.474","1,193.877","1,183.851","20,002.94","22,453.24","26,242.26",0.14
2019-11-12,1204.000,1209.600,1201.600,1198.210,19150.55,2.600,0.22,"1,199.994","1,194.737","1,183.381","19,382.10","21,587.92","25,198.05",0.15
2019-11-13,1207.000,1227.800,1224.000,1200.000,31977.04,22.400,1.86,"1,206.194","1,198.757","1,186.081","21,830.01","22,660.15","23,839.37",0.25
2019-11-14,1227.000,1240.000,1230.000,1222.000,23521.12,6.000,0.49,"1,211.920","1,203.756","1,188.414","23,300.66","22,421.33","23,489.99",0.19
2019-11-15,1230.000,1232.910,1224.900,1221.500,16340.72,-5.100,-0.41,"1,215.900","1,207.746","1,190.870","21,666.38","21,774.21","22,892.45",0.13
2019-11-18,1225.120,1229.450,1227.280,1218.000,18037.66,2.380,0.19,"1,221.556","1,210.515","1,193.809","21,805.42","20,904.18","22,530.60",0.14
2019-11-19,1228.000,1241.610,1232.320,1225.020,20623.75,5.040,0.41,"1,227.700","1,213.847","1,196.885","22,100.06","20,741.08","22,596.31",0.16
2019-11-20,1230.000,1239.510,1233.750,1228.060,15280.53,1.430,0.12,"1,229.650","1,217.922","1,200.627","18,760.76","20,295.38","22,206.33",0.12
2019-11-21,1231.000,1235.510,1231.300,1221.060,19187.39,-2.450,-0.20,"1,229.910","1,220.915","1,204.678","17,894.01","20,597.33","21,856.78",0.15
2019-11-22,1223.000,1229.000,1194.000,1185.000,47054.28,-37.300,-3.03,"1,223.730","1,219.815","1,205.811","24,036.72","22,851.55","22,909.57",0.37
2019-11-25,1188.050,1194.000,1182.060,1172.060,38281.75,-11.940,-1.00,"1,214.686","1,218.121","1,205.999","28,085.54","24,945.48","23,699.36",0.30
2019-11-26,1186.680,1198.600,1185.000,1183.000,40239.61,2.940,0.25,"1,205.222","1,216.461","1,205.599","32,008.71","27,054.39","24,321.15",0.32
2019-11-27,1192.800,1196.620,1189.950,1184.510,19848.81,4.950,0.42,"1,196.462","1,213.056","1,205.907","32,922.37","25,841.56","24,250.86",0.16
2019-11-28,1194.970,1197.510,1175.800,1169.020,28844.99,-14.150,-1.19,"1,185.362","1,207.636","1,205.696","34,853.89","26,373.95","24,397.64",0.23
2019-11-29,1165.500,1165.500,1129.000,1112.890,82397.32,-46.800,-3.98,"1,172.362","1,198.046","1,202.896","41,922.50","32,979.61","27,376.91",0.66
2019-12-02,1118.200,1140.020,1133.000,1118.200,30784.41,4.000,0.35,"1,162.550","1,188.618","1,199.567","40,423.03","34,254.28","27,579.23",0.25
2019-12-03,1133.000,1133.000,1118.000,1117.740,27340.93,-15.000,-1.32,"1,149.150","1,177.186","1,195.517","37,843.29","34,926.00","27,833.54",0.22
2019-12-04,1140.000,1144.660,1122.330,1118.000,35283.08,4.330,0.39,"1,135.626","1,166.044","1,191.983","40,930.15","36,926.26","28,610.82",0.28
2019-12-05,1125.000,1132.010,1129.800,1118.000,21338.79,7.470,0.67,"1,126.426","1,155.894","1,188.405","39,428.91","37,141.40","28,869.37",0.17
2019-12-06,1135.970,1170.000,1170.000,1130.100,39506.26,40.200,3.56,"1,134.626","1,153.494","1,186.655","30,850.69","36,386.60","29,619.07",0.31
2019-12-09,1175.000,1176.000,1158.700,1156.100,21824.12,-11.300,-0.97,"1,139.766","1,151.158","1,184.640","29,058.64","34,740.83","29,843.16",0.17
2019-12-10,1159.600,1165.000,1164.400,1151.000,15086.58,5.700,0.49,"1,149.046","1,149.098","1,182.780","26,607.77","32,225.53","29,639.96",0.12
2019-12-11,1168.000,1170.750,1158.980,1155.550,14567.99,-5.420,-0.47,"1,156.376","1,146.001","1,179.529","22,464.75","31,697.45","28,769.50",0.12
2019-12-12,1156.000,1159.940,1137.000,1130.080,29409.16,-21.980,-1.90,"1,157.816","1,142.121","1,174.879","24,078.82","31,753.86","29,063.91",0.23
2019-12-13,1146.000,1165.000,1163.000,1146.000,30000.59,26.000,2.29,"1,156.416","1,145.521","1,171.784","22,177.69","26,514.19","29,746.90",0.24
2019-12-16,1163.000,1163.000,1147.920,1137.940,30936.42,-15.080,-1.30,"1,154.260","1,147.013","1,167.816","24,000.15","26,529.39","30,391.84",0.25
2019-12-17,1149.700,1173.600,1169.980,1143.030,42616.96,22.060,1.92,"1,155.376","1,152.211","1,164.699","29,506.22","28,057.00","31,491.50",0.34
2019-12-18,1174.000,1175.200,1168.000,1164.000,19640.09,-1.980,-0.17,"1,157.180","1,156.778","1,161.411","30,520.64","26,492.70","31,709.48",0.16
2019-12-19,1163.000,1163.000,1157.400,1152.000,19552.30,-10.600,-0.91,"1,161.260","1,159.538","1,157.716","28,549.27","26,314.05","31,727.72",0.16
2019-12-20,1162.180,1162.180,1146.300,1141.500,23563.84,-11.100,-0.96,"1,157.920","1,157.168","1,155.331","27,261.92","24,719.81","30,553.20",0.19
2019-12-23,1139.000,1162.500,1149.300,1136.000,25919.18,3.000,0.26,"1,158.196","1,156.228","1,153.693","26,258.47","25,129.31","29,935.07",0.21
2019-12-24,1153.000,1155.000,1148.000,1145.000,11823.10,-1.300,-0.11,"1,153.800","1,154.588","1,151.843","20,099.70","24,802.96","28,514.25",0.09
2019-12-25,1143.000,1143.000,1133.700,1130.010,24305.97,-14.300,-1.25,"1,146.940","1,152.060","1,149.031","21,032.88","25,776.76","28,737.10",0.19
2019-12-26,1132.000,1141.980,1135.100,1119.990,22877.27,1.400,0.12,"1,142.480","1,151.870","1,146.996","21,697.87","25,123.57","28,438.72",0.18
2019-12-27,1150.000,1172.000,1163.000,1150.000,47066.28,27.900,2.46,"1,145.820","1,151.870","1,148.696","26,398.36","26,830.14","26,672.17",0.37
2019-12-30,1170.200,1195.500,1185.800,1170.200,40760.66,22.800,1.96,"1,153.120","1,155.658","1,151.336","29,366.66","27,812.57","27,170.98",0.32
2019-12-31,1183.000,1188.000,1183.000,1176.510,22588.81,-2.800,-0.24,"1,160.120","1,156.960","1,154.586","31,519.80","25,809.75","26,933.37",0.18
2020-01-02,1128.000,1145.060,1130.000,1116.000,148099.16,-53.000,-4.48,"1,159.380","1,153.160","1,154.969","56,278.44","38,655.66","32,574.18",1.18
2020-01-03,1117.000,1117.000,1078.560,1076.900,130318.78,-51.440,-4.55,"1,148.072","1,145.276","1,152.407","77,766.74","49,732.31","38,023.18",1.04
2020-01-06,1070.860,1092.900,1077.990,1067.300,63414.78,-0.570,-0.05,"1,131.070","1,138.445","1,147.807","81,036.44","53,717.40","39,218.60",0.50
2020-01-07,1077.500,1099.000,1094.530,1076.400,47853.59,16.540,1.53,"1,112.816","1,132.968","1,144.598","82,455.02","55,910.84","40,520.08",0.38
2020-01-08,1085.050,1095.500,1088.140,1082.580,25008.25,-6.390,-0.58,"1,093.844","1,126.982","1,140.785","82,938.91","57,229.36","41,016.16",0.20
2020-01-09,1094.000,1105.390,1102.700,1090.000,37405.87,14.560,1.34,"1,088.384","1,123.882","1,137.971","60,800.25","58,539.35","42,158.05",0.30
2020-01-10,1109.000,1115.990,1112.500,1102.500,35975.87,9.800,0.89,"1,095.172","1,121.622","1,136.746","41,931.67","59,849.21","42,486.39",0.29
2020-01-13,1112.500,1129.200,1124.270,1112.000,38515.75,11.770,1.06,"1,104.428","1,117.749","1,134.810","36,951.87","58,994.15","42,912.15",0.31
2020-01-14,1124.200,1124.890,1107.400,1103.000,35144.65,-16.870,-1.50,"1,107.002","1,109.909","1,132.784","34,410.08","58,432.55","43,122.56",0.28
2020-01-15,1109.010,1121.600,1112.130,1105.000,26029.11,4.730,0.43,"1,111.800","1,102.822","1,129.891","34,614.25","58,776.58","42,293.17",0.21
2020-01-16,1118.870,1118.870,1107.000,1102.580,23191.65,-5.130,-0.46,"1,112.660","1,100.522","1,126.841","31,771.41","46,285.83","42,470.74",0.18
2020-01-17,1110.000,1112.780,1107.500,1101.010,23472.75,0.500,0.04,"1,111.660","1,103.416","1,124.346","29,270.78","35,601.23","42,666.77",0.19
2020-01-20,1111.860,1111.860,1091.000,1082.000,35391.30,-16.500,-1.49,"1,105.006","1,104.717","1,121.581","28,645.89","32,798.88","43,258.14",0.28
2020-01-21,1081.000,1087.000,1075.300,1072.300,32874.05,-15.700,-1.44,"1,098.586","1,102.794","1,117.881","28,191.77","31,300.93","43,605.88",0.26
2020-01-22,1070.000,1084.000,1075.510,1055.380,36200.04,0.210,0.02,"1,091.262","1,101.531","1,114.257","30,225.96","32,420.10","44,824.73",0.29
2020-01-23,1076.000,1076.000,1052.800,1037.000,53468.43,-22.710,-2.11,"1,080.422","1,096.541","1,110.212","36,281.31","34,026.36","46,282.85",0.43
2020-02-03,985.000,1010.680,1003.920,980.000,123442.88,-48.880,-4.64,"1,059.706","1,085.683","1,103.653","56,275.34","42,773.06","51,311.13",0.98
2020-02-04,1015.000,1057.000,1038.010,1011.010,62624.18,34.090,3.40,"1,049.108","1,077.057","1,097.403","61,721.92","45,183.90","52,089.03",0.50
2020-02-05,1050.000,1054.000,1049.990,1033.030,47418.24,11.980,1.15,"1,044.046","1,071.316","1,090.613","64,630.75","46,411.26","52,421.91",0.38
2020-02-06,1059.430,1075.000,1071.000,1052.020,47171.21,21.010,2.00,"1,043.144","1,067.203","1,085.013","66,824.99","48,525.47","53,651.03",0.38
2020-02-07,1070.010,1077.000,1076.000,1061.020,31278.71,5.000,0.47,"1,047.784","1,064.103","1,082.313","62,387.04","49,334.18","47,810.00",0.25
2020-02-10,1062.000,1074.600,1066.490,1057.200,30533.42,-9.510,-0.88,"1,060.298","1,060.002","1,081.709","43,805.15","50,040.25","42,820.74",0.24
2020-02-11,1063.000,1099.680,1098.000,1062.800,47917.93,31.510,2.96,"1,072.296","1,060.702","1,082.710","40,863.90","51,292.91","42,045.89",0.38
2020-02-12,1089.000,1098.790,1097.270,1085.880,28125.43,-0.730,-0.07,"1,081.752","1,062.899","1,082.847","37,005.34","50,818.05","41,059.49",0.22
2020-02-13,1098.000,1113.890,1091.000,1088.010,30357.36,-6.270,-0.57,"1,085.752","1,064.448","1,082.990","33,642.57","50,233.78","41,326.94",0.24
2020-02-14,1090.450,1093.510,1088.000,1083.110,23287.60,-3.000,-0.28,"1,088.152","1,067.968","1,082.255","32,044.35","47,215.70","40,621.03",0.19
2020-02-17,1082.500,1096.190,1093.820,1082.400,27028.22,5.820,0.54,"1,093.618","1,076.958","1,081.321","31,343.31","37,574.23","40,173.65",0.22
2020-02-18,1090.010,1096.880,1084.000,1083.000,26664.96,-9.820,-0.90,"1,090.818","1,081.557","1,079.307","27,092.71","33,978.31","39,581.11",0.21
2020-02-19,1085.000,1101.500,1096.500,1078.000,37051.47,12.500,1.15,"1,090.664","1,086.208","1,078.762","28,877.92","32,941.63","39,676.45",0.29
2020-02-20,1096.700,1124.000,1118.000,1095.410,46802.62,21.500,1.96,"1,096.064","1,090.908","1,079.056","32,166.97","32,904.77","40,715.12",0.37
2020-02-21,1111.460,1123.540,1112.880,1110.010,28940.08,-5.120,-0.46,"1,101.040","1,094.596","1,079.350","33,297.47","32,670.91","41,002.54",0.23
2020-02-24,1105.500,1110.000,1087.180,1085.500,38650.36,-25.700,-2.31,"1,099.712","1,096.665","1,078.334","35,621.90","33,482.60","41,761.42",0.31
2020-02-25,1078.000,1082.090,1074.810,1067.880,38385.62,-12.370,-1.14,"1,097.874","1,094.346","1,077.524","37,966.03","32,529.37","41,911.14",0.31
2020-02-26,1062.000,1084.000,1073.700,1055.000,43560.97,-1.110,-0.10,"1,093.314","1,091.989","1,077.444","39,267.93","34,072.93","42,445.49",0.35
2020-02-27,1076.000,1094.990,1087.390,1076.000,34498.29,13.690,1.27,"1,087.192","1,091.628","1,078.038","36,807.06","34,487.02","42,360.40",0.27
2020-02-28,1070.300,1082.000,1057.000,1049.970,49946.57,-30.390,-2.79,"1,076.016","1,088.528","1,078.248","41,008.36","37,152.92","42,184.31",0.40
2020-03-02,1050.110,1096.550,1086.010,1050.010,47663.04,29.010,2.75,"1,075.782","1,087.747","1,082.353","42,810.90","39,216.40","38,395.31",0.38
2020-03-03,1098.000,1118.880,1113.000,1098.000,50250.15,26.990,2.48,"1,083.420","1,090.647","1,086.102","45,183.80","41,574.92","37,776.61",0.40
2020-03-04,1125.000,1139.000,1128.920,1116.240,53792.99,15.920,1.43,"1,094.464","1,093.889","1,090.049","47,230.21","43,249.07","38,095.35",0.43
2020-03-05,1136.310,1174.990,1171.000,1130.560,62426.45,42.080,3.73,"1,111.186","1,099.189","1,095.049","52,815.84","44,811.45","38,858.11",0.50
2020-03-06,1163.000,1176.000,1155.500,1151.980,30641.00,-15.500,-1.32,"1,130.886","1,103.451","1,099.024","48,954.73","44,981.54","38,826.23",0.24
2020-03-09,1135.000,1135.000,1114.010,1111.310,43404.09,-41.490,-3.59,"1,136.486","1,106.134","1,101.400","48,102.94","45,456.92","39,469.76",0.35
2020-03-10,1113.000,1168.000,1156.000,1113.000,58062.93,41.990,3.77,"1,145.086","1,114.253","1,104.300","49,665.49","47,424.65","39,977.01",0.46
2020-03-11,1155.500,1169.580,1158.520,1141.000,35547.57,2.520,0.22,"1,151.006","1,122.735","1,107.362","46,016.41","46,623.31","40,348.12",0.28
2020-03-12,1141.220,1153.000,1138.500,1125.100,36630.63,-20.020,-1.73,"1,144.506","1,127.846","1,109.737","40,857.24","46,836.54","40,661.78",0.29
2020-03-13,1090.000,1128.980,1112.030,1080.000,75885.31,-26.470,-2.33,"1,135.812","1,133.349","1,110.939","49,906.11","49,430.42","43,291.67",0.60
2020-03-16,1103.980,1107.950,1067.000,1062.000,51232.54,-45.030,-4.05,"1,126.410","1,131.448","1,109.598","51,471.80","49,787.37","44,501.88",0.41
2020-03-17,1055.000,1078.000,1045.100,1011.120,79359.12,-21.900,-2.05,"1,104.230","1,124.658","1,107.653","55,731.03","52,698.26","47,136.59",0.63
2020-03-18,1040.000,1060.000,1007.990,1007.990,73459.88,-37.110,-3.55,"1,074.124","1,112.565","1,103.227","63,313.50","54,664.95","48,957.01",0.58
2020-03-19,993.990,1015.000,996.000,960.100,102265.07,-11.990,-1.19,"1,045.624","1,095.065","1,097.127","76,440.38","58,648.81","51,730.13",0.81
2020-03-20,1011.000,1043.000,1035.280,1011.000,60139.19,39.280,3.94,"1,030.274","1,083.043","1,093.247","73,291.16","61,598.63","53,290.09",0.48
2020-03-23,1000.000,1035.280,1019.000,991.520,48472.10,-16.280,-1.57,"1,020.674","1,073.542","1,089.838","72,739.07","62,105.43","53,781.18",0.39
2020-03-24,1043.000,1058.880,1056.000,1035.000,46650.96,37.000,3.63,"1,022.854","1,063.542","1,088.898","66,197.44","60,964.24","54,194.44",0.37
2020-03-25,1087.980,1091.360,1080.100,1074.200,37048.66,24.100,2.28,"1,037.276","1,055.700","1,089.218","58,915.20","61,114.35","53,868.83",0.29
2020-03-26,1073.330,1091.200,1064.920,1062.000,30048.56,-15.180,-1.41,"1,051.060","1,048.342","1,088.094","44,471.89","60,456.14","53,646.34",0.24
2020-03-27,1085.000,1092.000,1075.500,1075.010,36261.12,10.580,0.99,"1,059.104","1,044.689","1,089.019","39,696.28","56,493.72","52,962.07",0.29
2020-03-30,1060.250,1077.000,1072.000,1057.000,30687.41,-3.500,-0.33,"1,069.704","1,045.189","1,088.319","36,139.34","54,439.21","52,113.29",0.24
2020-03-31,1082.000,1115.000,1111.000,1081.800,47984.37,39.000,3.64,"1,080.704","1,051.779","1,088.219","36,406.02","51,301.73","52,000.00",0.38
2020-04-01,1117.000,1129.000,1103.000,1103.000,33205.35,-8.000,-0.72,"1,085.284","1,061.280","1,086.923","35,637.36","47,276.28","50,970.62",0.26
2020-04-02,1104.000,1145.000,1145.000,1103.880,45205.61,42.000,3.81,"1,101.300","1,076.180","1,085.623","38,668.77","41,570.33","50,109.57",0.36
2020-04-03,1139.030,1147.960,1139.790,1131.980,27617.61,-5.210,-0.46,"1,114.158","1,086.631","1,084.837","36,940.07","38,318.18","49,958.40",0.22
2020-04-07,1161.950,1166.500,1159.950,1148.890,43488.00,20.160,1.77,"1,131.748","1,100.726","1,087.134","39,500.19","37,819.77","49,962.60",0.35
2020-04-08,1152.000,1166.310,1159.760,1152.000,24224.42,-0.190,-0.02,"1,141.500","1,111.102","1,087.322","34,748.20","35,577.11","48,270.67",0.19
2020-04-09,1166.000,1169.000,1158.500,1147.960,22816.97,-1.260,-0.11,"1,152.600","1,118.942","1,087.321","32,670.52","34,153.94","47,634.14",0.18
2020-04-10,1157.880,1181.500,1165.000,1153.500,27804.34,6.500,0.56,"1,156.600","1,128.950","1,088.646","29,190.27","33,929.52","47,192.83",0.22
2020-04-13,1165.000,1169.980,1162.300,1148.500,15981.47,-2.700,-0.23,"1,161.102","1,137.630","1,091.160","26,863.04","31,901.56","44,197.64",0.13
2020-04-14,1176.000,1191.550,1185.100,1166.000,36799.55,22.800,1.96,"1,166.132","1,148.940","1,097.065","25,525.35","32,512.77","43,475.99",0.29
2020-04-15,1192.000,1203.990,1189.600,1187.100,29332.29,4.500,0.38,"1,172.100","1,156.800","1,104.290","26,546.92","30,647.56","40,974.65",0.23
2020-04-16,1192.970,1197.100,1197.100,1184.100,21727.74,7.500,0.63,"1,179.820","1,166.210","1,113.745","26,329.08","29,499.80","38,388.04",0.17
2020-04-17,1210.000,1234.560,1226.000,1205.010,38245.69,28.900,2.41,"1,192.020","1,174.310","1,125.245","28,417.35","28,803.81","35,187.07",0.30
2020-04-20,1221.000,1231.500,1227.300,1216.800,24238.64,1.300,0.11,"1,205.020","1,183.061","1,134.846","30,068.78","28,465.91","33,392.04",0.19
2020-04-21,1221.020,1223.990,1200.000,1193.000,29224.22,-27.300,-2.22,"1,208.000","1,187.066","1,143.896","28,553.72","27,039.53","32,429.65",0.23
2020-04-22,1206.000,1249.500,1244.500,1202.220,44034.73,44.500,3.71,"1,218.980","1,195.540","1,153.321","31,494.20","29,020.56","32,298.84",0.35
2020-04-23,1250.000,1265.680,1252.260,1247.770,26898.51,7.760,0.62,"1,230.012","1,204.916","1,161.929","32,528.36","29,428.72","31,791.33",0.21
2020-04-24,1248.000,1259.890,1250.560,1235.180,19122.40,-1.700,-0.14,"1,234.924","1,213.472","1,171.211","28,703.70","28,560.52","31,245.02",0.15
2020-04-27,1257.000,1278.170,1276.000,1250.960,25903.91,25.440,2.03,"1,244.664","1,224.842","1,181.236","29,036.75","29,552.77","30,727.16",0.21
2020-04-28,1285.310,1299.940,1279.130,1271.880,34661.90,3.130,0.24,"1,260.490","1,234.245","1,191.593","30,124.29","29,339.00","30,925.89",0.28
2020-04-29,1277.800,1288.100,1274.900,1258.000,23444.06,-4.230,-0.33,"1,266.570","1,242.775","1,199.788","26,006.16","28,750.18","29,698.87",0.19
2020-04-30,1271.000,1285.010,1265.700,1258.880,24660.87,-9.200,-0.72,"1,269.258","1,249.635","1,207.923","25,558.63","29,043.49","29,271.65",0.20
2020-05-06,1251.000,1300.000,1300.000,1250.000,35834.81,34.300,2.71,"1,279.146","1,257.035","1,215.673","28,901.11","28,802.41","28,803.11",0.29
2020-05-07,1299.400,1314.990,1312.000,1293.000,27934.74,12.000,0.92,"1,286.346","1,265.505","1,224.283","29,307.28","29,172.02","28,818.96",0.22
2020-05-08,1317.000,1338.000,1314.610,1308.510,29078.68,2.610,0.20,"1,293.442","1,276.966","1,232.016","28,190.63","29,157.46","28,098.50",0.23
2020-05-11,1320.000,1335.000,1323.010,1313.670,23671.19,8.400,0.64,"1,303.064","1,284.817","1,240.179","28,236.06","27,121.11","28,070.84",0.19
2020-05-12,1318.000,1334.990,1333.000,1316.000,19721.81,9.990,0.76,"1,316.524","1,292.891","1,248.904","27,248.25","26,403.44","27,916.08",0.16
2020-05-13,1333.000,1337.990,1335.950,1322.880,22014.31,2.950,0.22,"1,323.714","1,301.430","1,257.451","24,484.15","26,692.63","27,626.58",0.18
2020-05-14,1330.000,1334.880,1326.590,1325.110,18574.92,-9.360,-0.70,"1,326.632","1,306.489","1,265.666","22,612.18","25,959.73","27,756.25",0.15
2020-05-15,1329.000,1333.500,1313.000,1301.880,26398.08,-13.590,-1.02,"1,326.310","1,309.876","1,272.061","22,076.06","25,133.35","27,236.18",0.21
2020-05-18,1306.000,1351.500,1346.210,1305.130,34362.11,33.210,2.53,"1,330.950","1,317.007","1,279.891","24,214.25","26,225.15","27,487.67",0.27
2020-05-19,1364.000,1364.000,1346.110,1338.000,24787.46,-0.100,-0.01,"1,333.572","1,325.048","1,287.342","25,227.38","26,237.81","27,640.65",0.20
2020-05-20,1346.110,1359.180,1351.000,1336.810,21183.40,4.890,0.36,"1,336.582","1,330.148","1,293.592","25,061.19","24,772.67","26,787.54",0.17
2020-05-21,1355.000,1371.960,1366.100,1352.860,23051.58,15.100,1.12,"1,344.484","1,335.558","1,300.532","25,956.53","24,284.35","26,728.18",0.18
2020-05-22,1366.000,1366.100,1328.200,1322.880,34427.46,-37.900,-2.77,"1,347.524","1,336.917","1,306.942","27,562.40","24,819.23","26,988.35",0.27
2020-05-25,1330.000,1366.580,1362.900,1321.000,31561.00,34.700,2.61,"1,350.862","1,340.906","1,312.862","27,002.18","25,608.21","26,364.66",0.25
2020-05-26,1369.880,1369.950,1358.000,1355.000,22470.19,-4.900,-0.36,"1,353.240","1,343.406","1,318.149","26,538.73","25,883.05","26,143.24",0.18
2020-05-27,1359.000,1360.000,1338.000,1333.000,26777.41,-20.000,-1.47,"1,350.640","1,343.611","1,322.521","27,657.53","26,359.36","26,525.99",0.21
2020-05-28,1337.970,1346.940,1344.000,1321.130,26485.91,6.000,0.45,"1,346.220","1,345.352","1,325.921","28,344.39","27,150.46","26,555.09",0.21
2020-05-29,1332.100,1369.980,1366.600,1332.100,30444.35,22.600,1.68,"1,353.900","1,350.712","1,330.294","27,547.77","27,555.09","26,344.22",0.24
2020-06-01,1381.000,1420.100,1419.500,1381.000,35479.76,52.900,3.87,"1,365.220","1,358.041","1,337.524","28,331.52","27,666.85","26,946.00",0.28
2020-06-02,1416.010,1427.900,1410.710,1406.660,25960.10,-8.790,-0.62,"1,375.762","1,364.501","1,344.775","29,029.51","27,784.12","27,010.96",0.21
2020-06-03,1415.000,1417.500,1399.300,1395.770,23557.36,-11.410,-0.81,"1,388.022","1,369.331","1,349.740","28,385.50","28,021.51","26,397.09",0.19
2020-06-04,1396.000,1411.000,1407.990,1396.000,18037.41,8.690,0.62,"1,400.820","1,373.520","1,354.539","26,695.80","27,520.10","25,902.22",0.14
2020-06-05,1405.250,1428.880,1425.000,1401.080,18347.06,17.010,1.21,"1,412.500","1,383.200","1,360.059","24,276.34","25,912.06","25,365.64",0.15
2020-06-08,1425.000,1435.000,1406.100,1402.010,29300.45,-18.900,-1.33,"1,409.820","1,387.520","1,364.213","23,040.48","25,686.00","25,647.11",0.23
2020-06-09,1408.000,1425.000,1416.550,1400.680,22611.91,10.450,0.74,"1,410.988","1,393.375","1,368.391","22,370.84","25,700.17","25,791.61",0.18
2020-06-10,1425.000,1433.330,1423.660,1417.000,22700.74,7.110,0.50,"1,415.860","1,401.941","1,372.776","22,199.51","25,292.51","25,825.93",0.18
2020-06-11,1411.010,1417.990,1400.460,1396.990,30711.71,-23.200,-1.63,"1,414.354","1,407.587","1,376.470","24,734.37","25,715.09","26,432.77",0.24
2020-06-12,1387.170,1416.370,1416.370,1383.310,28427.42,15.910,1.14,"1,412.628","1,412.564","1,381.638","26,750.45","25,513.39","26,534.24",0.23
2020-06-15,1402.000,1411.600,1383.000,1381.000,34615.41,-33.370,-2.36,"1,408.008","1,408.914","1,383.478","27,813.44","25,426.96","26,546.90",0.28
2020-06-16,1398.500,1414.000,1403.880,1393.130,29206.64,20.880,1.51,"1,405.474","1,408.231","1,386.366","29,132.38","25,751.61","26,767.86",0.23
2020-06-17,1411.860,1411.900,1405.000,1395.020,19453.07,1.120,0.08,"1,401.742","1,408.801","1,389.066","28,482.85","25,341.18","26,681.35",0.15
2020-06-18,1404.900,1413.200,1413.000,1400.100,21010.41,8.000,0.57,"1,404.250","1,409.302","1,391.411","26,542.59","25,638.48","26,579.29",0.17
2020-06-19,1420.000,1445.200,1439.840,1415.100,38958.33,26.840,1.90,"1,408.944","1,410.786","1,396.993","28,648.77","27,699.61","26,805.83",0.31
2020-06-22,1435.100,1443.890,1439.000,1433.200,23247.00,-0.840,-0.06,"1,420.144","1,414.076","1,400.798","26,375.09","27,094.26","26,390.13",0.19
2020-06-23,1435.000,1482.000,1474.500,1433.520,33934.26,35.500,2.47,"1,434.268","1,419.871","1,406.623","27,320.61","28,226.50","26,963.34",0.27
2020-06-24,1463.600,1465.710,1460.010,1445.000,25138.99,2.530,0.17,"1,445.270","1,423.506","1,412.724","28,457.80","28,470.32","26,881.41",0.20
2020-06-29,1448.000,1466.000,1463.170,1437.010,28080.61,3.160,0.22,"1,455.304","1,429.777","1,418.682","29,871.84","28,207.21","26,961.15",0.22
2020-06-30,1463.120,1468.980,1462.880,1455.120,22446.14,-0.290,-0.02,"1,459.912","1,434.428","1,423.496","26,569.40","27,609.09","26,561.24",0.18
2020-07-01,1468.000,1506.100,1494.270,1464.020,38682.49,31.390,2.15,"1,470.966","1,445.555","1,427.235","29,656.50","28,015.79","26,721.38",0.31
2020-07-02,1499.000,1550.900,1544.000,1495.000,45883.72,49.730,3.33,"1,484.866","1,459.567","1,433.899","32,046.39","29,683.50","27,717.56",0.37
2020-07-03,1550.000,1552.500,1541.790,1516.880,35125.81,-2.210,-0.14,"1,501.222","1,473.246","1,441.024","34,043.75","31,250.78","28,295.98",0.28
2020-07-06,1538.000,1616.000,1600.000,1531.810,51821.96,58.210,3.77,"1,528.588","1,491.946","1,450.624","38,792.02","34,331.93","29,985.21",0.41
2020-07-07,1603.090,1744.820,1688.000,1601.000,66663.93,88.000,5.50,"1,573.612","1,516.762","1,463.774","47,635.58","37,102.49","32,401.05",0.53
2020-07-08,1680.000,1719.000,1681.340,1660.000,53169.98,-6.660,-0.40,"1,611.026","1,540.996","1,477.536","50,533.08","40,094.79","33,594.53",0.42
2020-07-09,1691.000,1712.000,1706.000,1682.000,35033.24,24.660,1.47,"1,643.426","1,564.146","1,492.009","48,362.98","40,204.69","34,215.59",0.28
2020-07-10,1689.000,1736.600,1713.850,1688.940,37100.44,7.850,0.46,"1,677.838","1,589.530","1,506.518","48,757.91","41,400.83","34,935.58",0.30
2020-07-13,1714.680,1787.000,1781.990,1714.680,60727.16,68.140,3.98,"1,714.236","1,621.412","1,525.595","50,538.95","44,665.49","36,436.35",0.48
2020-07-14,1781.990,1782.030,1762.000,1748.400,46093.51,-19.990,-1.12,"1,729.036","1,651.324","1,542.876","46,424.87","47,030.22","37,319.66",0.37
2020-07-15,1744.880,1782.600,1752.530,1744.710,40712.94,-9.470,-0.54,"1,743.274","1,677.150","1,561.353","43,933.46","47,233.27","37,624.53",0.32
2020-07-16,1729.910,1729.910,1614.000,1600.000,102242.19,-138.530,-7.91,"1,724.874","1,684.150","1,571.859","57,375.25","52,869.12","41,276.31",0.81
2020-07-17,1620.000,1672.590,1648.050,1620.000,65902.06,34.050,2.11,"1,711.714","1,694.776","1,584.011","63,135.57","55,946.74","43,598.76",0.52
2020-07-20,1652.500,1663.990,1636.960,1588.880,45280.33,-11.090,-0.67,"1,682.708","1,698.472","1,595.209","60,046.21","55,292.58","44,812.25",0.36
2020-07-21,1646.640,1702.800,1668.000,1630.990,41969.50,31.040,1.90,"1,663.908","1,696.472","1,606.617","59,221.40","52,823.14","44,962.81",0.33
2020-07-22,1658.000,1710.000,1678.080,1658.000,39201.21,10.080,0.60,"1,649.018","1,696.146","1,618.571","58,919.06","51,426.26","45,760.52",0.31
2020-07-23,1672.000,1691.000,1676.000,1650.000,34320.52,-2.080,-0.12,"1,661.418","1,693.146","1,628.646","45,334.72","51,354.99","45,779.84",0.27
2020-07-24,1654.850,1666.000,1595.300,1585.000,78752.01,-80.700,-4.82,"1,650.868","1,681.291","1,635.411","47,904.71","55,520.14","48,460.49",0.63
2020-07-27,1616.010,1629.800,1622.550,1600.000,38788.17,27.250,1.71,"1,647.986","1,665.347","1,643.380","46,606.28","53,326.24","48,995.87",0.31
2020-07-28,1630.000,1680.000,1670.000,1630.000,54911.52,47.450,2.92,"1,648.386","1,656.147","1,653.736","49,194.69","54,208.05","50,619.13",0.44
2020-07-29,1690.000,1690.000,1672.000,1633.000,50748.43,2.000,0.12,"1,647.170","1,648.094","1,662.622","51,504.13","55,211.59","51,222.43",0.40
2020-07-30,1671.200,1700.590,1680.000,1670.500,38373.04,8.000,0.48,"1,647.970","1,654.694","1,669.422","52,314.63","48,824.68","50,846.90",0.31
2020-07-31,1685.000,1705.000,1678.180,1646.000,40684.74,-1.820,-0.11,"1,664.546","1,657.707","1,676.242","44,701.18","46,302.95","51,124.84",0.32
2020-08-03,1686.880,1696.580,1668.000,1660.000,34661.14,-10.180,-0.61,"1,673.636","1,660.811","1,679.642","43,875.77","45,241.03","50,266.80",0.28
2020-08-04,1675.000,1682.990,1669.990,1660.000,31940.51,1.990,0.12,"1,673.634","1,661.010","1,678.741","39,281.57","44,238.13","48,530.63",0.25
2020-08-05,1662.090,1673.090,1668.000,1643.310,25521.69,-1.990,-0.12,"1,672.834","1,660.002","1,678.074","34,236.22","42,870.18","47,148.22",0.20
2020-08-06,1670.000,1674.030,1637.960,1630.000,32648.78,-30.040,-1.80,"1,664.426","1,656.198","1,674.672","33,091.37","42,703.00","47,028.99",0.26
2020-08-07,1644.770,1649.670,1631.000,1598.500,34242.05,-6.960,-0.42,"1,654.990","1,659.768","1,670.530","31,802.83","38,252.01","46,886.08",0.27
2020-08-10,1627.970,1644.960,1633.990,1608.110,23623.54,2.990,0.18,"1,648.188","1,660.912","1,663.130","29,595.31","36,735.54","45,030.89",0.19
2020-08-11,1640.000,1666.430,1642.510,1640.000,35818.18,8.520,0.52,"1,642.692","1,658.163","1,657.155","30,370.85","34,826.21","44,517.13",0.29
2020-08-12,1633.000,1641.000,1626.950,1605.250,27933.92,-15.560,-0.95,"1,634.482","1,653.658","1,650.876","30,853.29","32,544.76","43,878.18",0.22
2020-08-13,1630.000,1638.880,1635.000,1609.000,20541.34,8.050,0.49,"1,633.890","1,649.158","1,651.926","28,431.81","30,761.59","39,793.13",0.16
2020-08-14,1639.900,1665.700,1661.000,1631.000,37653.18,26.000,1.59,"1,639.890","1,647.440","1,652.574","29,114.03","30,458.43","38,380.69",0.30
2020-08-17,1674.000,1704.350,1690.000,1670.000,43572.01,29.000,1.75,"1,651.092","1,649.640","1,655.226","33,103.73","31,349.52","38,295.27",0.35
2020-08-18,1697.380,1720.000,1705.000,1691.000,30422.81,15.000,0.89,"1,663.590","1,653.141","1,657.076","32,024.65","31,197.75","37,717.94",0.24
2020-08-19,1700.000,1717.000,1687.000,1682.990,26914.98,-18.000,-1.06,"1,675.600","1,655.041","1,657.522","31,820.86","31,337.08","37,103.63",0.21
2020-08-20,1674.000,1679.000,1664.000,1656.000,22382.33,-23.000,-1.36,"1,681.400","1,657.645","1,656.922","32,189.06","30,310.43","36,506.72",0.18
2020-08-21,1673.000,1698.000,1676.000,1671.000,25082.41,12.000,0.72,"1,684.400","1,662.145","1,660.957","29,674.91","29,394.47","33,823.24",0.20
2020-08-24,1700.000,1708.000,1696.350,1691.010,30933.44,20.350,1.21,"1,685.670","1,668.381","1,664.647","27,147.19","30,125.46","33,430.50",0.25
2020-08-25,1704.800,1746.780,1727.000,1698.630,41872.49,30.650,1.81,"1,690.070","1,676.830","1,667.497","29,437.13","30,730.89","32,778.55",0.33
2020-08-26,1734.000,1745.000,1727.000,1715.020,26215.73,0.000,0.00,"1,698.070","1,686.835","1,670.247","29,297.28","30,559.07","31,551.92",0.21
2020-08-27,1731.990,1733.980,1731.000,1705.000,22635.53,4.000,0.23,"1,711.470","1,696.435","1,672.797","29,347.92","30,768.49","30,765.04",0.18
2020-08-28,1731.000,1764.000,1757.000,1721.500,42299.62,26.000,1.50,"1,727.670","1,706.035","1,676.738","32,791.36","31,233.14","30,845.78",0.34
2020-08-31,1770.580,1816.000,1786.500,1770.580,47810.36,29.500,1.68,"1,745.700","1,715.685","1,682.663","36,166.75","31,656.97","31,503.25",0.38
2020-09-01,1792.000,1802.000,1801.980,1775.010,31639.92,15.480,0.87,"1,760.696","1,725.383","1,689.262","34,120.23","31,778.68","31,488.22",0.25
2020-09-02,1825.000,1828.000,1795.000,1770.000,32009.29,-6.980,-0.39,"1,774.296","1,736.183","1,695.612","35,278.94","32,288.11","31,812.60",0.25
2020-09-03,1795.000,1812.000,1793.000,1779.700,30437.35,-2.000,-0.11,"1,786.696","1,749.083","1,703.364","36,839.31","33,093.61","31,702.02",0.24
2020-09-04,1766.000,1776.990,1770.000,1746.000,30857.96,-23.000,-1.28,"1,789.296","1,758.483","1,710.314","34,550.98","33,671.17","31,532.82",0.25
2020-09-07,1760.000,1777.990,1723.500,1703.970,31112.02,-46.500,-2.63,"1,776.696","1,761.198","1,714.790","31,211.31","33,689.03","31,907.24",0.25
2020-09-08,1732.000,1737.800,1711.400,1677.070,34472.38,-12.100,-0.70,"1,758.580","1,759.638","1,718.234","31,777.80","32,949.02","31,839.95",0.27
2020-09-09,1699.670,1711.000,1688.000,1680.040,25963.55,-23.400,-1.37,"1,737.180","1,755.738","1,721.287","30,568.65","32,923.80","31,741.44",0.21
2020-09-10,1703.740,1720.000,1705.800,1700.000,24778.33,17.800,1.05,"1,719.740","1,753.218","1,724.827","29,436.85","33,138.08","31,953.28",0.20
2020-09-11,1688.000,1736.000,1733.000,1688.000,31088.00,27.200,1.59,"1,712.340","1,750.818","1,728.427","29,482.86","32,016.92","31,625.03",0.25
2020-09-14,1745.000,1769.000,1766.000,1730.580,31056.01,33.000,1.90,"1,720.840","1,748.768","1,732.227","29,471.65","30,341.48","30,999.23",0.25
2020-09-15,1769.990,1769.990,1760.000,1747.750,20820.87,-6.000,-0.34,"1,730.560","1,744.570","1,734.977","26,741.35","29,259.58","30,519.13",0.17
2020-09-16,1760.000,1764.810,1725.100,1719.000,22515.98,-34.900,-1.98,"1,737.980","1,737.580","1,736.882","26,051.84","28,310.25","30,299.18",0.18
2020-09-17,1700.000,1700.000,1670.520,1658.000,63679.85,-54.580,-3.16,"1,730.924","1,725.332","1,737.208","33,832.14","31,634.50","32,364.05",0.51
2020-09-18,1665.000,1695.000,1695.000,1635.010,47201.40,24.480,1.47,"1,723.324","1,717.832","1,738.158","37,054.82","33,268.84","33,470.00",0.38
2020-09-21,1692.760,1692.760,1666.800,1666.660,22444.07,-28.200,-1.66,"1,703.484","1,712.162","1,736.680","35,332.43","32,402.04","33,045.54",0.18
2020-09-22,1650.000,1686.980,1665.690,1650.000,23265.47,-1.110,-0.07,"1,684.622","1,707.591","1,733.615","35,821.35","31,281.35","32,115.18",0.19
2020-09-23,1635.000,1666.010,1649.980,1621.020,35725.52,-15.710,-0.94,"1,669.598","1,703.789","1,729.764","38,463.26","32,257.55","32,590.67",0.28
2020-09-24,1635.970,1658.880,1629.320,1626.800,30050.78,-20.660,-1.25,"1,661.358","1,696.141","1,724.680","31,737.45","32,784.80","32,961.44",0.24
2020-09-25,1630.000,1650.000,1635.110,1625.000,22582.96,5.790,0.35,"1,649.380","1,686.352","1,718.585","26,813.76","31,934.29","31,975.60",0.18
2020-09-28,1635.190,1668.500,1661.000,1635.190,24232.22,25.890,1.58,"1,648.220","1,675.852","1,712.310","27,171.39","31,251.91","30,796.70",0.19
2020-09-29,1669.330,1669.400,1652.300,1652.300,17430.78,-8.700,-0.52,"1,645.542","1,665.082","1,704.826","26,004.45","30,912.90","30,086.24",0.14
2020-09-30,1660.000,1691.900,1668.500,1660.000,27087.81,16.200,0.98,"1,649.246","1,659.422","1,698.501","24,276.91","31,370.09","29,840.17",0.22
2020-10-09,1692.000,1706.420,1696.000,1688.000,34239.88,27.500,1.65,"1,662.582","1,661.970","1,693.651","25,114.73","28,426.09","30,030.29",0.27
2020-10-12,1700.000,1750.610,1750.610,1700.000,43729.04,54.610,3.22,"1,685.682","1,667.531","1,692.682","29,343.95","28,078.85","30,673.85",0.35
2020-10-13,1750.620,1750.620,1739.000,1735.000,22943.89,-11.610,-0.66,"1,701.282","1,674.751","1,693.457","29,086.28","28,128.84","30,265.44",0.18
2020-10-14,1740.000,1746.980,1729.000,1726.000,20481.39,-10.000,-0.57,"1,716.622","1,681.082","1,694.337","29,696.40","27,850.43","29,565.89",0.16
2020-10-15,1721.130,1735.000,1725.000,1721.000,16204.36,-4.000,-0.23,"1,727.922","1,688.584","1,696.187","27,519.71","25,898.31","29,077.93",0.13
2020-10-16,1725.000,1734.580,1712.000,1703.000,17377.38,-13.000,-0.75,"1,731.122","1,696.852","1,696.497","24,147.21","24,630.97","28,707.88",0.14
2020-10-19,1725.000,1733.980,1699.000,1691.900,19226.32,-13.000,-0.76,"1,720.800","1,703.241","1,694.797","19,246.67","24,295.31","28,114.80",0.15
2020-10-20,1699.990,1734.970,1734.000,1695.000,27734.93,35.000,2.06,"1,719.800","1,710.541","1,693.197","20,204.88","24,645.58","27,948.75",0.22
2020-10-21,1734.100,1742.150,1733.330,1723.000,18901.37,-0.670,-0.04,"1,720.666","1,718.644","1,691.863","19,888.87","24,792.64","27,852.77",0.15
2020-10-22,1730.000,1745.000,1742.500,1715.510,22480.87,9.170,0.53,"1,724.166","1,726.044","1,692.733","21,144.17","24,331.94","27,851.01",0.18
2020-10-23,1740.780,1747.590,1715.330,1714.000,19291.69,-27.170,-1.56,"1,724.832","1,727.977","1,694.974","21,527.04","22,837.12","25,631.61",0.15
2020-10-26,1619.000,1662.920,1643.000,1600.000,66015.29,-72.330,-4.22,"1,713.632","1,717.216","1,692.374","30,884.83","25,065.75","26,572.30",0.53
2020-10-27,1643.000,1644.000,1625.000,1616.120,43944.40,-18.000,-1.10,"1,691.832","1,705.816","1,690.284","34,126.72","27,165.80","27,647.32",0.35
2020-10-28,1626.000,1677.000,1664.810,1625.080,34636.53,39.810,2.45,"1,678.128","1,699.397","1,690.240","37,273.76","28,581.31","28,215.87",0.28
2020-10-29,1654.840,1708.000,1676.000,1647.000,39373.76,11.190,0.67,"1,664.828","1,694.497","1,691.541","40,652.33","30,898.25","28,398.28",0.31
2020-10-30,1678.000,1696.000,1670.020,1665.000,26055.45,-5.980,-0.36,"1,655.766","1,690.299","1,693.576","42,005.09","31,766.06","28,198.52",0.21
2020-11-02,1675.000,1695.000,1674.010,1672.000,21066.43,3.990,0.24,"1,661.968","1,687.800","1,695.521","33,015.31","31,950.07","28,122.69",0.17
2020-11-03,1684.990,1705.900,1695.000,1675.500,23497.49,20.990,1.25,"1,675.968","1,683.900","1,697.221","28,925.93","31,526.33","28,085.95",0.19
2020-11-04,1700.000,1704.000,1699.580,1685.000,16443.71,4.580,0.27,"1,682.922","1,680.525","1,699.585","25,287.37","31,280.56","28,036.60",0.13
2020-11-05,1717.000,1732.480,1721.900,1712.100,23524.14,22.320,1.31,"1,692.102","1,678.465","1,702.255","22,117.44","31,384.89","27,858.42",0.19
2020-11-06,1730.550,1731.590,1700.620,1690.000,23051.53,-21.280,-1.24,"1,698.222","1,676.994","1,702.486","21,516.66","31,760.87","27,299.00",0.18
2020-11-09,1701.380,1750.680,1742.570,1700.620,41469.70,41.950,2.47,"1,711.934","1,686.951","1,702.084","25,597.31","29,306.31","27,186.03",0.33
2020-11-10,1752.920,1764.480,1745.000,1736.000,30189.44,2.430,0.14,"1,721.934","1,698.951","1,702.384","26,935.70","27,930.82","27,548.31",0.24
2020-11-11,1745.000,1777.500,1731.350,1731.000,34850.73,-13.650,-0.78,"1,728.288","1,705.605","1,702.501","30,617.11","27,952.24","28,266.78",0.28
2020-11-12,1730.010,1750.000,1734.790,1722.270,23473.09,3.440,0.20,"1,730.866","1,711.484","1,702.991","30,606.90","26,362.17","28,630.21",0.19
2020-11-13,1724.000,1728.880,1705.000,1691.000,28155.48,-29.790,-1.72,"1,731.742","1,714.982","1,702.641","31,627.69","26,572.17","29,169.12",0.22
2020-11-16,1711.000,1730.050,1730.050,1697.260,30613.49,25.050,1.47,"1,729.238","1,720.586","1,704.193","29,456.45","27,526.88","29,738.48",0.24
2020-11-17,1740.000,1742.350,1715.800,1701.070,25224.03,-14.250,-0.82,"1,723.398","1,722.666","1,703.283","28,463.36","27,699.53","29,612.93",0.20
2020-11-18,1715.000,1720.530,1693.650,1683.160,35178.95,-22.150,-1.29,"1,715.858","1,722.073","1,701.299","28,529.01","29,573.06","30,426.81",0.28
2020-11-19,1684.500,1725.000,1720.190,1680.600,27815.76,26.540,1.57,"1,712.938","1,721.902","1,700.184","29,397.54","30,002.22","30,693.55",0.22
2020-11-20,1720.000,1736.000,1719.960,1712.650,21874.66,-0.230,-0.01,"1,715.930","1,723.836","1,700.415","28,141.38","29,884.53","30,822.70",0.17
2020-11-23,1771.010,1809.900,1790.210,1771.010,66637.24,70.250,4.08,"1,727.962","1,728.600","1,707.776","35,346.13","32,401.29","30,853.80",0.53
2020-11-24,1769.990,1782.500,1763.500,1751.470,32465.36,-26.710,-1.49,"1,737.502","1,730.450","1,714.701","36,794.39","32,628.88","30,279.85",0.26
2020-11-25,1761.500,1768.880,1726.880,1724.000,28226.32,-36.620,-2.08,"1,744.148","1,730.003","1,717.804","35,403.87","31,966.44","29,959.34",0.22
2020-11-26,1726.000,1739.990,1734.390,1725.180,23228.30,7.510,0.43,"1,746.988","1,729.963","1,720.724","34,486.38","31,941.96","29,152.07",0.18
2020-11-27,1732.660,1740.030,1737.900,1718.000,21568.61,3.510,0.20,"1,750.576","1,733.253","1,724.118","34,425.17","31,283.27","28,927.72",0.17
2020-11-30,1735.000,1738.900,1713.910,1713.910,31940.07,-23.990,-1.38,"1,735.316","1,731.639","1,726.113","27,485.73","31,415.93","29,471.41",0.25
2020-12-01,1726.000,1738.990,1737.000,1720.010,28196.20,23.090,1.35,"1,730.016","1,733.759","1,728.213","26,631.90","31,713.15","29,706.34",0.22
2020-12-02,1746.000,1749.000,1738.010,1731.000,23571.69,1.010,0.06,"1,732.242","1,738.195","1,730.134","25,700.97","30,552.42","30,062.74",0.19
2020-12-03,1738.010,1755.660,1749.000,1732.100,29505.78,10.990,0.63,"1,735.164","1,741.076","1,731.489","26,956.47","30,721.42","30,361.82",0.23
2020-12-04,1752.000,1800.100,1793.110,1752.000,62491.19,44.110,2.52,"1,746.206","1,748.391","1,736.114","35,140.99","34,783.08","32,333.80",0.50
2020-12-07,1802.700,1840.390,1812.400,1800.550,58331.33,19.290,1.08,"1,765.904","1,750.610","1,739.605","40,419.24","33,952.49","33,176.89",0.46
2020-12-08,1815.000,1875.000,1850.000,1813.000,61454.00,37.600,2.08,"1,788.504","1,759.260","1,744.855","47,070.80","36,851.35","34,740.11",0.49
2020-12-09,1865.950,1866.000,1840.000,1839.000,31152.12,-10.000,-0.54,"1,808.902","1,770.572","1,750.288","48,586.88","37,143.93","34,555.18",0.25
2020-12-10,1840.000,1849.770,1832.900,1828.000,32653.54,-7.100,-0.39,"1,825.682","1,780.423","1,755.193","49,216.44","38,086.45","35,014.21",0.26
2020-12-11,1834.780,1837.320,1820.000,1804.810,30775.79,-12.900,-0.70,"1,831.060","1,788.633","1,760.943","42,873.36","39,007.17","35,145.22",0.24
2020-12-14,1827.770,1829.980,1829.000,1815.000,33052.00,9.000,0.49,"1,834.380","1,800.142","1,765.891","37,817.49","39,118.36","35,267.15",0.26
2020-12-15,1833.500,1837.220,1816.010,1805.000,29604.97,-12.990,-0.71,"1,827.582","1,808.043","1,770.901","31,447.68","39,259.24","35,486.19",0.24
2020-12-16,1830.500,1845.670,1840.000,1820.210,32150.16,23.990,1.32,"1,827.582","1,818.242","1,778.219","31,647.29","40,117.09","35,334.75",0.26
2020-12-17,1845.500,1868.000,1865.510,1840.000,36030.64,25.510,1.39,"1,834.104","1,829.893","1,785.485","32,322.71","40,769.57","35,745.50",0.29
2020-12-18,1851.810,1869.010,1845.000,1841.080,27076.98,-20.510,-1.10,"1,839.104","1,835.082","1,791.737","31,582.95","37,228.15","36,005.61",0.22
2020-12-21,1840.000,1851.230,1842.500,1837.600,30696.72,-2.500,-0.14,"1,841.804","1,838.092","1,794.351","31,111.89","34,464.69","34,208.59",0.24
2020-12-22,1849.970,1898.990,1881.000,1842.510,40650.60,38.500,2.09,"1,854.802","1,841.192","1,800.226","33,321.02","32,384.35","34,617.85",0.32
2020-12-23,1897.990,1906.200,1841.650,1821.020,47706.09,-39.350,-2.09,"1,855.132","1,841.357","1,805.965","36,432.21","34,039.75","35,591.84",0.38
2020-12-24,1818.000,1858.880,1830.340,1795.020,37857.14,-11.310,-0.61,"1,848.098","1,841.101","1,810.762","36,797.51","34,560.11","36,323.28",0.30
2020-12-25,1802.990,1847.000,1830.000,1800.000,23088.05,-0.340,-0.02,"1,845.098","1,842.101","1,815.367","35,999.72","33,791.34","36,399.25",0.18
2020-12-28,1826.600,1888.800,1873.000,1826.050,30080.37,43.000,2.35,"1,851.198","1,846.501","1,823.322","35,876.45","33,494.17","36,306.27",0.24
2020-12-29,1873.000,1886.800,1867.000,1855.000,22867.59,-6.000,-0.32,"1,848.398","1,851.600","1,829.822","32,319.85","32,820.43","36,039.84",0.18
2020-12-30,1870.000,1933.000,1933.000,1869.990,34452.10,66.000,3.54,"1,866.668","1,860.900","1,839.571","29,669.05","33,050.63","36,583.86",0.27
2020-12-31,1941.000,1998.980,1998.000,1939.000,38860.07,65.000,3.36,"1,900.200","1,874.149","1,852.021","29,869.64","33,333.57","37,051.57",0.31
2021-01-04,1999.980,2004.990,1997.000,1983.810,43514.00,-1.000,-0.05,"1,933.600","1,889.349","1,862.216","33,954.83","34,977.27","36,102.71",0.35
2021-01-05,1990.000,2059.450,2059.450,1982.460,52116.05,62.450,3.13,"1,970.890","1,911.044","1,874.568","38,361.96","37,119.21","35,791.95",0.41
2021-01-06,2064.800,2125.000,2100.000,2036.030,47410.20,40.550,1.97,"2,017.490","1,932.944","1,887.068","43,270.48","37,795.17","35,089.76",0.38
2021-01-07,2097.000,2140.000,2140.000,2075.000,37931.39,40.000,1.91,"2,058.890","1,962.779","1,902.068","43,966.34","36,817.70","35,428.72",0.30
2021-01-08,2142.000,2150.880,2090.000,2063.020,53861.64,-50.000,-2.34,"2,077.290","1,988.745","1,914.923","46,966.66","38,418.15","36,489.13",0.43
2021-01-11,2090.000,2150.500,2099.730,2058.600,51079.90,9.730,0.47,"2,097.836","2,015.718","1,928.910","48,479.84","41,217.33","37,504.33",0.41
2021-01-12,2088.000,2160.900,2160.900,2085.000,41058.59,61.170,2.91,"2,118.126","2,044.508","1,945.505","46,268.34","42,315.15","37,904.66",0.33
2021-01-13,2164.000,2173.330,2164.000,2135.000,34389.93,3.100,0.14,"2,130.926","2,074.208","1,962.904","43,664.29","43,467.39","38,143.91",0.27
2021-01-14,2156.000,2163.000,2134.000,2116.110,36152.20,-30.000,-1.39,"2,129.726","2,094.308","1,977.604","43,308.45","43,637.40","38,344.01",0.29
2021-01-15,2115.000,2134.350,2082.000,2029.000,59509.39,-52.000,-2.44,"2,128.126","2,102.708","1,988.429","44,438.00","45,702.33","39,517.95",0.47
2021-01-18,2061.060,2091.480,2063.000,2040.270,39144.04,-19.000,-0.91,"2,120.780","2,109.308","1,999.329","42,050.83","45,265.33","40,121.30",0.31
2021-01-19,2073.110,2096.300,2009.410,2006.850,46345.19,-53.590,-2.60,"2,090.482","2,104.304","2,007.674","43,108.15","44,688.25","40,903.73",0.37
2021-01-20,2008.000,2055.490,2040.630,1982.500,45082.42,31.220,1.55,"2,065.808","2,098.367","2,015.656","45,246.65","44,455.47","41,125.32",0.36
2021-01-21,2048.000,2090.020,2070.000,2041.000,38310.17,29.370,1.44,"2,053.008","2,091.367","2,027.073","45,678.24","44,493.35","40,655.52",0.30
2021-01-22,2069.000,2100.000,2079.950,2060.100,29247.61,9.950,0.48,"2,052.598","2,090.362","2,039.554","39,625.89","42,031.94","40,225.05",0.23
2021-01-25,2083.000,2179.500,2175.000,2083.000,55957.16,95.050,4.57,"2,074.998","2,097.889","2,056.804","42,988.51","42,519.67","41,868.50",0.45
2021-01-26,2185.000,2187.000,2141.890,2125.110,31747.46,-33.110,-1.52,"2,101.494","2,095.988","2,070.248","40,068.96","41,588.56","41,951.86",0.25
2021-01-27,2141.890,2141.890,2089.000,2085.000,37120.17,-52.890,-2.47,"2,111.168","2,088.488","2,081.348","38,476.51","41,861.58","42,664.48",0.30
2021-01-28,2080.000,2109.660,2088.000,2060.020,35128.64,-1.000,-0.05,"2,114.768","2,083.888","2,089.098","37,840.21","41,759.23","42,698.31",0.28
2021-01-29,2101.190,2149.480,2116.180,2090.220,33701.33,28.180,1.35,"2,122.014","2,087.306","2,095.007","38,730.95","39,178.42","42,440.37",0.27
2021-02-01,2130.000,2160.000,2109.320,2095.000,29340.59,-6.860,-0.32,"2,108.878","2,091.938","2,100.623","33,407.64","38,198.07","41,731.70",0.23
2021-02-02,2112.220,2149.990,2145.000,2102.100,34582.25,35.680,1.69,"2,109.500","2,105.497","2,104.901","33,974.60","37,021.78","40,855.01",0.28
2021-02-03,2150.000,2198.270,2189.910,2140.000,38714.15,44.910,2.09,"2,129.682","2,120.425","2,109.396","34,293.39","36,384.95","40,420.21",0.31
2021-02-04,2191.000,2330.000,2320.850,2191.000,63851.01,130.940,5.98,"2,176.252","2,145.510","2,118.439","40,037.87","38,939.04","41,716.19",0.51
2021-02-05,2325.000,2364.600,2313.000,2291.000,39729.06,-7.850,-0.34,"2,215.616","2,168.815","2,129.589","41,243.41","39,987.18","41,009.56",0.32
2021-02-08,2337.000,2378.880,2368.800,2313.000,35785.73,55.800,2.41,"2,267.512","2,188.195","2,143.042","42,532.44","37,970.04","40,244.85",0.28
2021-02-09,2368.800,2456.430,2456.430,2350.000,33296.55,87.630,3.70,"2,329.798","2,219.649","2,157.819","42,275.30","38,124.95","39,856.75",0.27
2021-02-10,2485.000,2601.200,2601.000,2485.000,61370.57,144.570,5.88,"2,412.016","2,270.849","2,179.669","46,806.58","40,549.99","41,205.78",0.49
2021-02-18,2587.980,2627.880,2471.000,2465.000,65912.32,-130.000,-5.00,"2,442.046","2,309.149","2,196.519","47,218.85","43,628.36","42,693.79",0.52
2021-02-19,2451.160,2496.660,2460.000,2381.600,59385.46,-11.000,-0.45,"2,471.446","2,343.531","2,215.419","51,150.13","46,196.77","42,687.59",0.47
2021-02-22,2455.000,2455.000,2288.020,2278.220,78935.47,-171.980,-6.99,"2,455.290","2,361.401","2,226.670","59,780.07","51,156.26","44,677.17",0.63
2021-02-23,2265.140,2344.890,2307.000,2265.000,57454.60,18.980,0.83,"2,425.404","2,377.601","2,241.549","64,611.68","53,443.49","45,232.64",0.46
2021-02-24,2307.990,2318.000,2189.000,2160.500,82115.78,-118.000,-5.12,"2,343.004","2,377.510","2,248.968","68,760.73","57,783.66","47,084.30",0.65
2021-02-25,2209.000,2224.500,2150.000,2121.210,59726.43,-39.000,-1.78,"2,278.804","2,360.425","2,252.968","67,523.55","57,371.20","48,155.12",0.48
2021-02-26,2100.000,2179.950,2122.780,2067.300,66525.06,-27.220,-1.27,"2,211.360","2,341.403","2,255.109","68,951.47","60,050.80","50,018.99",0.53
2021-03-01,2179.000,2179.000,2158.000,2120.000,44916.26,35.220,1.66,"2,185.356","2,320.323","2,254.259","62,147.63","60,963.85","49,466.94",0.36
2021-03-02,2180.000,2180.000,2058.000,2033.000,70764.50,-100.000,-4.63,"2,135.556","2,280.480","2,250.065","64,809.61","64,710.65","51,417.80",0.56
2021-03-03,2040.000,2149.770,2140.000,2033.000,54215.46,82.000,3.98,"2,125.756","2,234.380","2,252.615","59,229.54","63,995.13","52,272.56",0.43
2021-03-04,2095.000,2096.000,2033.000,2010.100,65088.29,-107.000,-5.00,"2,102.356","2,190.580","2,249.865","60,301.91","63,912.73","53,770.54",0.52
2021-03-05,2000.000,2095.000,2060.110,1988.000,63779.20,27.110,1.33,"2,089.822","2,150.591","2,247.061","59,752.74","64,352.11","55,274.44",0.51
2021-03-08,2074.960,2085.000,1960.000,1960.000,63099.59,-100.110,-4.86,"2,050.222","2,117.789","2,239.595","63,389.41","62,768.52","56,962.39",0.50
2021-03-09,1955.000,2000.000,1936.990,1900.180,82265.81,-23.010,-1.17,"2,026.020","2,080.788","2,229.195","65,689.67","65,249.64","59,346.57",0.65
2021-03-10,1977.000,1999.870,1970.010,1967.000,51171.74,33.020,1.71,"1,992.022","2,058.889","2,218.200","65,080.93","62,155.23","59,969.44",0.41
2021-03-11,1975.000,2079.990,2048.000,1961.480,56768.97,77.990,3.96,"1,995.022","2,048.689","2,204.557","63,417.06","61,859.49","59,615.34",0.45
2021-03-12,2070.000,2077.000,2026.000,2002.010,40322.51,-22.000,-1.07,"1,988.200","2,039.011","2,190.207","58,725.72","59,239.23","59,645.02",0.32
2021-03-15,2050.000,2069.800,1975.450,1951.150,62484.87,-50.550,-2.50,"1,991.290","2,020.756","2,170.540","58,602.78","60,996.09","60,979.97",0.50
2021-03-16,1974.930,2019.990,2010.500,1965.000,34648.50,35.050,1.77,"2,005.992","2,016.006","2,148.243","49,079.32","57,384.49","61,047.57",0.28
2021-03-17,2000.000,2050.000,2030.360,1976.010,31374.91,19.860,0.99,"2,018.062","2,005.042","2,119.711","45,119.95","55,100.44","59,547.79",0.25
2021-03-18,2035.000,2086.360,2069.700,2035.000,33864.88,39.340,1.94,"2,022.402","2,008.712","2,099.646","40,539.13","51,978.10","57,945.41",0.27
2021-03-19,2035.000,2043.000,2010.000,1992.230,35780.77,-59.700,-2.88,"2,019.202","2,003.701","2,077.146","39,630.79","49,178.26","56,765.18",0.28
2021-03-22,2000.100,2026.090,1989.990,1955.550,36914.07,-20.010,-1.00,"2,022.110","2,006.700","2,062.245","34,516.63","46,559.70","54,664.11",0.29
2021-03-23,1998.880,2008.800,1996.000,1970.000,27446.19,6.010,0.30,"2,019.210","2,012.601","2,046.695","33,076.16","41,077.74","53,163.69",0.22
2021-03-24,1981.000,2013.000,1989.000,1981.000,29357.39,-7.000,-0.35,"2,010.938","2,014.500","2,036.695","32,672.66","38,896.31","50,525.77",0.23
2021-03-25,1970.010,1988.880,1971.000,1946.800,31575.23,-18.000,-0.91,"1,991.198","2,006.800","2,027.745","32,214.73","36,376.93","49,118.21",0.25
2021-03-26,1985.000,2022.000,2013.000,1958.000,50016.42,42.000,2.13,"1,991.798","2,005.500","2,022.256","35,061.86","37,346.32","48,292.78",0.40
2021-03-29,2043.200,2096.350,2034.100,2026.150,56992.20,21.100,1.05,"2,000.620","2,011.365","2,016.061","39,077.49","36,797.06","48,896.58",0.45
2021-03-30,2040.000,2086.000,2056.050,2035.080,32626.97,21.950,1.08,"2,012.630","2,015.920","2,015.963","40,113.64","36,594.90","46,989.70",0.26
2021-03-31,2045.100,2046.020,2009.000,2000.000,37154.41,-47.050,-2.29,"2,016.630","2,013.784","2,009.413","41,673.05","37,172.85","46,136.65",0.30
2021-04-01,2021.000,2046.800,2044.500,2001.220,26587.63,35.500,1.77,"2,031.330","2,011.264","2,009.988","40,675.53","36,445.13","44,211.61",0.21
2021-04-02,2056.000,2165.000,2162.000,2056.000,52027.57,117.500,5.75,"2,061.130","2,026.464","2,015.083","41,077.76","38,069.81","43,624.03",0.41
2021-04-06,2161.000,2161.980,2126.030,2102.300,32741.77,-35.970,-1.66,"2,079.516","2,040.068","2,023.384","36,227.67","37,652.58","42,106.14",0.26
2021-04-07,2104.060,2117.300,2061.000,2050.000,40200.97,-65.030,-3.06,"2,080.506","2,046.568","2,029.585","37,742.47","38,928.06","40,002.90",0.32
2021-04-08,2047.030,2079.000,2070.000,2044.000,28547.62,9.000,0.44,"2,092.706","2,054.668","2,034.584","36,021.11","38,847.08","38,871.69",0.23
2021-04-09,2042.000,2054.000,2020.000,2005.010,28808.86,-50.000,-2.42,"2,087.806","2,059.568","2,033.184","36,465.36","38,570.44","37,473.69",0.23
2021-04-12,2011.000,2030.000,2008.890,1991.700,31943.07,-11.110,-0.55,"2,057.184","2,059.157","2,032.329","32,448.46","36,763.11","37,054.72",0.25
2021-04-13,2020.000,2049.800,2021.000,2009.000,28992.15,12.110,0.60,"2,036.178","2,057.847","2,034.606","31,698.53","33,963.10","35,380.08",0.23
2021-04-14,2035.000,2048.000,2047.000,2016.000,24114.65,26.000,1.29,"2,033.378","2,056.942","2,036.431","28,481.27","33,111.87","34,853.39",0.19
2021-04-15,2030.900,2046.900,2015.600,1990.000,34366.21,-31.400,-1.53,"2,022.498","2,057.602","2,035.693","29,644.99","32,833.05","35,002.95",0.27
2021-04-16,2025.080,2068.000,2054.980,2012.000,30293.70,39.380,1.95,"2,029.494","2,058.650","2,034.957","29,941.96","33,203.66","34,824.39",0.24
2021-04-19,2055.000,2098.360,2088.000,2033.000,31753.91,33.020,1.61,"2,045.316","2,051.250","2,038.857","29,904.12","31,176.29","34,623.05",0.25
2021-04-20,2071.100,2129.000,2094.800,2070.000,28290.37,6.800,0.33,"2,060.076","2,048.127","2,044.098","29,763.77","30,731.15","34,191.86",0.23
2021-04-21,2076.000,2097.800,2080.000,2065.100,26149.75,-14.800,-0.71,"2,066.676","2,050.027","2,048.298","30,170.79","29,326.03","34,127.04",0.21
2021-04-22,2089.900,2099.000,2055.500,2051.500,26850.02,-24.500,-1.18,"2,074.656","2,048.577","2,051.623","28,667.55","29,156.27","34,001.67",0.21
2021-04-23,2055.970,2119.880,2108.940,2052.500,33462.77,53.440,2.60,"2,085.448","2,057.471","2,058.520","29,301.36","29,621.66","34,096.05",0.27
2021-04-26,2132.000,2135.000,2077.820,2073.600,34045.11,-31.120,-1.48,"2,083.412","2,064.364","2,061.761","29,759.60","29,831.86","33,297.49",0.27
2021-04-27,2087.080,2095.250,2094.440,2065.090,22107.85,16.620,0.80,"2,083.340","2,071.708","2,064.778","28,523.10","29,143.43","31,553.27",0.18
2021-04-28,2010.000,2047.500,2042.000,2003.000,81342.95,-52.440,-2.50,"2,075.740","2,071.208","2,064.075","39,561.74","34,866.26","33,989.07",0.65
2021-04-29,2047.040,2049.940,2026.360,2014.000,41283.78,-15.640,-0.77,"2,069.912","2,072.284","2,064.943","42,448.49","35,558.02","34,195.54",0.33
2021-04-30,2026.000,2036.000,2006.780,2003.710,38401.37,-19.580,-0.97,"2,049.480","2,067.464","2,063.057","43,436.21","36,368.79","34,786.22",0.31
2021-05-06,2000.000,2006.840,1959.000,1953.000,53546.14,-47.780,-2.38,"2,025.716","2,054.564","2,052.907","47,336.42","38,548.01","34,862.15",0.43
2021-05-07,1965.000,1967.980,1903.000,1901.000,52493.39,-56.000,-2.86,"1,987.428","2,035.384","2,041.756","53,413.53","40,968.31","35,849.73",0.42
2021-05-10,1900.000,1909.000,1879.030,1866.010,46003.18,-23.970,-1.26,"1,954.834","2,015.287","2,032.657","46,345.57","42,953.66","36,139.84",0.37
2021-05-11,1876.000,1966.000,1959.000,1873.300,42494.12,79.970,4.26,"1,941.362","2,005.637","2,027.107","46,587.64","44,518.07","36,837.17",0.34
2021-05-12,1949.080,1999.000,1984.000,1949.000,32698.87,25.000,1.28,"1,936.806","1,993.143","2,025.307","45,447.14","44,441.68","37,031.67",0.26
2021-05-13,1965.750,1985.050,1971.500,1953.000,25077.51,-12.500,-0.63,"1,939.306","1,982.511","2,023.438","39,753.41","43,544.92","36,688.39",0.20
2021-05-14,1982.000,2030.500,2009.850,1976.000,35611.29,38.350,1.95,"1,960.676","1,974.052","2,022.880","36,376.99","44,895.26","37,019.35",0.28
2021-05-17,2025.100,2085.200,2057.960,2025.100,44524.00,48.110,2.39,"1,996.462","1,975.648","2,023.428","36,081.16","41,213.37","38,039.81",0.35
2021-05-18,2065.000,2077.000,2059.310,2045.060,17504.28,1.350,0.07,"2,016.524","1,978.943","2,025.614","31,083.19","38,835.42","37,196.72",0.14
2021-05-19,2059.000,2074.810,2049.000,2040.000,22409.72,-10.310,-0.50,"2,029.524","1,983.165","2,025.315","29,025.36","37,236.25","36,802.52",0.18
2021-05-20,2074.000,2074.100,2058.880,2045.360,21857.16,9.880,0.48,"2,047.000","1,993.153","2,023.859","28,381.29","34,067.35","36,307.68",0.17
2021-05-21,2055.080,2079.880,2042.100,2037.020,24248.23,-16.780,-0.81,"2,053.450","2,007.063","2,021.224","26,108.68","31,242.84","36,105.57",0.19
2021-05-24,2051.000,2080.060,2071.290,2031.000,32548.08,29.190,1.43,"2,056.116","2,026.289","2,020.788","23,713.49","29,897.33","36,425.49",0.26
2021-05-25,2085.000,2200.100,2194.500,2085.000,67756.95,123.210,5.95,"2,083.154","2,049.839","2,027.738","33,764.03","32,423.61","38,470.84",0.54
2021-05-26,2207.980,2241.800,2220.000,2193.080,38604.20,25.500,1.16,"2,117.354","2,073.439","2,033.291","37,002.92","33,014.14","38,727.91",0.31
2021-05-27,2211.020,2320.000,2245.000,2201.100,45373.38,25.000,1.13,"2,154.578","2,100.789","2,041.650","41,706.17","35,043.73","39,294.32",0.36
2021-05-28,2240.970,2250.000,2230.000,2205.510,25807.31,-15.000,-0.67,"2,192.158","2,122.804","2,048.428","42,017.98","34,063.33","39,479.30",0.21
2021-05-31,2215.500,2218.350,2218.000,2172.000,31739.00,-12.000,-0.54,"2,221.500","2,138.808","2,057.228","41,856.17","32,784.83","36,999.10",0.25
2021-06-01,2222.000,2248.950,2240.950,2206.000,30616.34,22.950,1.03,"2,230.790","2,156.972","2,067.958","34,428.05","34,096.04","36,465.73",0.24
2021-06-02,2250.000,2264.000,2222.000,2208.180,22862.77,-18.950,-0.85,"2,231.190","2,174.272","2,078.719","31,279.76","34,141.34","35,688.80",0.18
2021-06-03,2220.000,2260.340,2222.220,2210.080,23450.31,0.220,0.01,"2,226.634","2,190.606","2,091.880","26,895.15","34,300.66","34,184.00",0.19
2021-06-04,2215.000,2288.000,2251.500,2214.040,31422.19,29.280,1.32,"2,230.934","2,211.546","2,109.305","28,018.12","35,018.05","33,130.44",0.25
2021-06-07,2265.000,2279.000,2271.000,2240.010,25466.27,19.500,0.87,"2,241.534","2,231.517","2,128.903","26,763.58","34,309.87","32,103.60",0.20
2021-06-08,2260.000,2279.990,2191.000,2161.150,47313.63,-80.000,-3.52,"2,231.544","2,231.167","2,140.503","30,103.03","32,265.54","32,344.57",0.38
2021-06-09,2192.000,2214.000,2199.500,2160.110,25502.35,8.500,0.39,"2,227.044","2,229.117","2,151.278","30,630.95","30,955.36","31,984.75",0.20
2021-06-10,2195.000,2251.370,2238.480,2190.080,25566.63,38.980,1.77,"2,230.296","2,228.465","2,164.627","31,054.21","28,974.68","32,009.20",0.20
2021-06-11,2239.000,2244.000,2178.810,2178.810,33970.66,-59.670,-2.67,"2,215.758","2,223.346","2,173.075","31,563.91","29,791.02","31,927.17",0.27
2021-06-15,2195.100,2208.880,2193.000,2148.000,29361.30,14.190,0.65,"2,200.158","2,220.846","2,179.827","32,342.91","29,553.25","31,169.04",0.23
2021-06-16,2192.000,2195.000,2158.000,2148.000,27593.15,-35.000,-1.60,"2,193.558","2,212.551","2,184.762","28,398.82","29,250.93","31,673.48",0.22
2021-06-17,2155.650,2188.000,2156.910,2144.360,21067.53,-1.090,-0.05,"2,185.040","2,206.042","2,190.157","27,511.85","29,071.40","31,606.37",0.17
2021-06-18,2147.000,2156.500,2090.940,2065.000,54028.21,-65.970,-3.06,"2,155.532","2,192.914","2,191.760","33,204.17","32,129.19","33,214.92",0.43
2021-06-21,2085.000,2099.690,2081.640,2050.000,35488.26,-9.300,-0.45,"2,136.098","2,175.928","2,193.737","33,507.69","32,535.80","33,776.93",0.28
2021-06-22,2092.000,2098.000,2074.970,2053.890,33228.18,-6.670,-0.32,"2,112.492","2,156.325","2,193.921","34,281.07","33,311.99","33,810.93",0.26
2021-06-23,2080.000,2083.000,2038.000,2034.150,37079.01,-36.970,-1.78,"2,088.492","2,141.025","2,186.096","36,178.24","32,288.53","32,277.03",0.30
2021-06-24,2040.010,2080.000,2068.050,2021.000,31473.70,30.050,1.47,"2,070.720","2,127.880","2,178.499","38,259.47","32,885.66","31,920.51",0.25
2021-06-25,2049.960,2109.000,2092.000,2042.600,35875.43,43.240,2.11,"2,070.932","2,113.232","2,170.849","34,628.92","33,916.54","31,445.61",0.29
2021-06-28,2100.000,2118.000,2103.010,2073.000,27452.42,11.010,0.53,"2,075.206","2,105.652","2,164.499","33,021.75","33,264.72","31,527.87",0.22
2021-06-29,2108.000,2115.000,2062.000,2051.000,33030.63,-41.010,-1.95,"2,072.612","2,092.552","2,156.699","32,982.24","33,631.65","31,592.45",0.26
2021-06-30,2065.000,2074.000,2056.700,2046.300,21915.66,-5.300,-0.26,"2,076.352","2,082.422","2,147.487","29,949.57","33,063.90","31,157.41",0.17
2021-07-01,2059.970,2110.000,2105.000,2031.600,33701.24,48.300,2.35,"2,083.742","2,077.231","2,141.637","30,395.08","34,327.27","31,699.34",0.27
2021-07-02,2075.000,2075.000,2013.000,2011.500,46275.31,-92.000,-4.37,"2,067.942","2,069.437","2,131.176","32,475.05","33,551.98","32,840.59",0.37
2021-07-05,2000.000,2019.880,1994.000,1985.000,34420.95,-19.000,-0.94,"2,046.140","2,060.673","2,118.301","33,868.76","33,445.25","32,990.53",0.27
2021-07-06,1995.000,2014.000,2012.900,1960.010,35282.51,18.900,0.95,"2,036.320","2,054.466","2,105.396","34,319.13","33,650.69","33,481.34",0.28
2021-07-07,2010.000,2028.880,2004.000,1999.010,28122.12,-8.900,-0.44,"2,025.780","2,051.066","2,096.046","35,560.43","32,755.00","32,521.76",0.22
2021-07-08,2000.100,2004.000,1985.000,1968.000,35516.69,-19.000,-0.95,"2,001.780","2,042.761","2,085.321","35,923.52","33,159.30","33,022.48",0.28
2021-07-09,1964.520,1985.910,1972.110,1945.000,30907.90,-12.890,-0.65,"1,993.602","2,030.772","2,072.002","32,850.03","32,662.54","33,289.54",0.25
2021-07-12,1975.550,1998.780,1961.000,1940.500,39010.24,-11.110,-0.56,"1,987.002","2,016.571","2,061.112","33,767.89","33,818.33","33,541.52",0.31
2021-07-13,1968.000,2005.500,1982.900,1965.000,29924.71,21.900,1.12,"1,981.002","2,008.661","2,050.607","32,696.33","33,507.73","33,569.69",0.24
2021-07-14,1974.000,1974.500,1962.000,1945.000,30770.69,-20.900,-1.05,"1,972.602","1,999.191","2,040.807","33,226.05","34,393.24","33,728.57",0.24
2021-07-15,1955.020,2013.000,1997.990,1950.600,42190.05,35.990,1.83,"1,975.200","1,988.490","2,032.861","34,560.72","35,242.12","34,784.70",0.34
2021-07-16,1980.000,1996.600,1955.900,1950.000,35407.64,-42.090,-2.11,"1,971.958","1,982.780","2,026.109","35,460.67","34,155.35","33,853.67",0.28
2021-07-19,1955.890,1986.000,1975.000,1941.000,30052.34,19.100,0.98,"1,974.758","1,980.880","2,020.777","33,669.09","33,718.49","33,581.87",0.24
2021-07-20,1975.000,1988.930,1980.000,1961.410,23475.21,5.000,0.25,"1,974.178","1,977.590","2,016.028","32,379.19","32,537.76","33,094.22",0.19
2021-07-21,1989.000,2006.000,1969.000,1962.010,29780.13,-11.000,-0.56,"1,975.578","1,974.090","2,012.578","32,181.07","32,703.56","32,729.28",0.24
2021-07-22,1960.000,1973.900,1940.010,1938.960,39090.47,-28.990,-1.47,"1,963.982","1,969.591","2,006.176","31,561.16","33,060.94","33,110.12",0.31
2021-07-23,1937.820,1937.820,1900.000,1895.090,47585.47,-40.010,-2.06,"1,952.802","1,962.380","1,996.576","33,996.72","34,728.70","33,695.62",0.38
2021-07-26,1879.000,1879.000,1804.110,1780.000,98619.48,-95.890,-5.05,"1,918.624","1,946.691","1,981.631","47,710.15","40,689.62","37,253.97",0.79
2021-07-27,1803.000,1810.000,1712.890,1703.000,86576.99,-91.220,-5.06,"1,865.202","1,919.690","1,964.176","60,330.51","46,354.85","39,931.29",0.69
2021-07-28,1703.000,1788.200,1768.900,1682.120,85368.84,56.010,3.27,"1,825.182","1,900.380","1,949.786","71,448.25","51,814.66","43,103.95",0.68
2021-07-29,1810.010,1823.000,1749.790,1734.340,63863.85,-19.110,-1.08,"1,787.138","1,875.560","1,932.025","76,402.93","53,982.04","44,612.08",0.51
2021-07-30,1725.000,1725.000,1678.990,1657.760,77735.89,-70.800,-4.05,"1,742.936","1,847.869","1,915.325","82,433.01","58,214.87","46,185.11",0.62
2021-08-02,1664.000,1755.980,1755.000,1620.720,97400.65,76.010,4.53,"1,733.114","1,825.869","1,903.375","82,189.24","64,949.70","49,334.09",0.78
2021-08-03,1730.000,1768.990,1749.300,1688.800,54374.75,-5.700,-0.33,"1,740.396","1,802.799","1,890.195","75,748.80","68,039.65","50,288.71",0.43
2021-08-04,1734.060,1760.000,1724.000,1718.000,38175.49,-25.300,-1.45,"1,731.416","1,778.299","1,876.195","66,310.13","68,879.19","50,791.37",0.30
2021-08-05,1692.880,1745.000,1699.000,1676.360,48059.69,-25.000,-1.45,"1,721.258","1,754.198","1,861.895","63,149.29","69,776.11","51,418.52",0.38
2021-08-06,1689.000,1694.010,1671.000,1646.600,45686.10,-28.000,-1.65,"1,719.660","1,731.298","1,846.839","56,739.34","69,586.17","52,157.43",0.36
2021-08-09,1651.000,1709.000,1693.800,1650.000,47697.75,22.800,1.36,"1,707.420","1,720.267","1,833.479","46,798.76","64,494.00","52,591.81",0.38
2021-08-10,1700.000,1802.880,1799.000,1675.000,83285.05,105.200,6.21,"1,717.360","1,728.878","1,824.284","52,580.82","64,164.81","55,259.83",0.66
2021-08-11,1780.010,1785.010,1750.500,1750.010,38662.59,-48.500,-2.70,"1,722.660","1,727.038","1,813.709","52,678.24","59,494.18","55,654.42",0.31
2021-08-12,1732.000,1749.000,1690.000,1686.190,47550.97,-60.500,-3.46,"1,720.860","1,721.059","1,798.310","52,576.49","57,862.89","55,922.47",0.38
2021-08-13,1690.000,1713.000,1700.040,1679.000,37904.52,10.040,0.59,"1,726.668","1,723.164","1,785.517","51,020.18","53,879.76","56,047.31",0.30
2021-08-16,1696.000,1713.600,1699.200,1685.080,28056.97,-0.840,-0.05,"1,727.748","1,717.584","1,771.727","47,092.02","46,945.39","55,947.54",0.22
2021-08-17,1700.000,1700.000,1635.000,1628.880,61200.77,-64.200,-3.78,"1,694.948","1,706.154","1,754.477","42,675.16","47,627.99","57,833.82",0.49
2021-08-18,1624.660,1642.990,1620.000,1600.000,59970.26,-15.000,-0.92,"1,668.848","1,695.754","1,737.027","46,936.70","49,807.47","59,343.33",0.48
2021-08-19,1622.220,1643.200,1619.970,1600.000,41291.95,-0.030,-0.00,"1,654.842","1,687.851","1,721.025","45,684.89","49,130.69","59,453.40",0.33
2021-08-20,1555.170,1597.550,1548.000,1525.500,114544.54,-71.970,-4.44,"1,624.434","1,675.551","1,703.425","61,012.90","56,016.54","62,801.36",0.91
2021-08-23,1537.880,1599.000,1570.190,1536.770,71597.20,22.190,1.43,"1,598.632","1,663.190","1,691.729","69,720.94","58,406.48","61,450.24",0.57
2021-08-24,1575.000,1642.550,1625.180,1565.770,72594.47,54.990,3.50,"1,596.668","1,645.808","1,687.343","71,999.68","57,337.42","60,751.12",0.58
2021-08-25,1647.640,1680.870,1665.020,1643.000,54238.90,39.840,2.45,"1,605.672","1,637.260","1,682.149","70,853.41","58,895.06","59,194.62",0.43
2021-08-26,1664.990,1664.990,1595.000,1594.720,54020.37,-70.020,-4.21,"1,600.678","1,627.760","1,674.410","73,399.10","59,542.00","58,702.44",0.43
2021-08-27,1589.000,1625.000,1596.030,1584.100,36095.45,1.030,0.07,"1,610.284","1,617.359","1,670.262","57,709.28","59,361.09","56,620.42",0.29
2021-08-30,1605.000,1613.000,1586.000,1545.950,51587.70,-10.030,-0.63,"1,613.446","1,606.039","1,661.812","53,707.38","61,714.16","54,329.77",0.41
2021-08-31,1589.800,1616.350,1558.000,1555.100,43677.09,-28.000,-1.76,"1,600.010","1,598.339","1,652.247","47,923.90","59,961.79","53,794.89",0.35
2021-09-01,1559.000,1634.990,1622.010,1531.100,77316.10,64.010,4.11,"1,591.408","1,598.540","1,647.147","52,539.34","61,696.38","55,751.92",0.62
2021-09-02,1632.990,1643.000,1618.800,1600.890,42836.79,-3.210,-0.20,"1,596.168","1,598.423","1,643.137","50,302.63","61,850.86","55,490.78",0.34
2021-09-03,1610.020,1659.790,1658.220,1582.000,52835.18,39.420,2.44,"1,608.606","1,609.445","1,642.498","53,650.57","55,679.93","55,848.23",0.42
2021-09-06,1649.000,1708.160,1670.670,1626.150,55338.06,12.450,0.75,"1,625.540","1,619.493","1,641.342","54,400.64","54,054.01","56,230.25",0.44
2021-09-07,1661.030,1684.480,1669.000,1651.000,31211.22,-1.670,-0.10,"1,647.740","1,623.875","1,634.842","51,907.47","49,915.69","53,626.56",0.25
2021-09-08,1660.000,1671.180,1633.100,1628.080,33063.67,-35.900,-2.15,"1,649.958","1,620.683","1,628.972","43,056.98","47,798.16","53,346.61",0.26
2021-09-09,1626.000,1645.000,1634.080,1624.010,19950.13,0.980,0.06,"1,653.014","1,624.591","1,626.176","38,479.65","44,391.14","51,966.57",0.16
